date,occasion,day_of_week,day_number,top_10_gross,top_10_gross_change_yesterday,top_10_gross_change_week,number_releases,movie_title,gross
Dec 31,New Year's Eve,Tuesday,365,"$3,636,750",+9.8%,+127.1%,1,Hook,"$3,636,750"
Dec 30,,Monday,364,"$3,312,240",-25.4%,+31.2%,1,Hook,"$3,312,240"
Dec 29,,Sunday,363,"$4,442,430",-20.3%,+35.1%,1,Hook,"$4,442,430"
Dec 28,,Saturday,362,"$5,572,620",+7.1%,+41.6%,1,Hook,"$5,572,620"
Dec 27,,Friday,361,"$5,203,350",+19.1%,+115.6%,1,Hook,"$5,203,350"
Dec 26,,Thursday,360,"$4,370,160",+52.3%,+346.2%,1,Hook,"$4,370,160"
Dec 25,Christmas Day,Wednesday,359,"$2,868,960",-66.6%,"+5,887.6%",1,Hook,"$2,868,960"
Dec 24,,Tuesday,358,"$1,601,280",-36.6%,+41.5%,1,Hook,"$1,601,280"
Dec 23,,Monday,357,"$2,524,240",-23.3%,+170.3%,1,Hook,"$2,524,240"
Dec 22,,Sunday,356,"$3,289,274",-16.4%,-14.7%,1,Hook,"$3,289,274"
Dec 21,,Saturday,355,"$3,935,966",+63.1%,-30.4%,1,Hook,"$3,935,966"
Dec 20,,Friday,354,"$2,413,375",+146.4%,-39.8%,1,Hook,"$2,413,375"
Dec 19,,Thursday,353,"$979,416",-0.9%,-30.9%,2,Hook,"$977,665"
Dec 18,,Wednesday,352,"$988,650",-12.6%,-53.4%,1,Hook,"$988,650"
Dec 17,,Tuesday,351,"$1,131,455",+21.2%,-,1,Hook,"$1,131,455"
Dec 16,,Monday,350,"$933,725",-75.8%,-,1,Hook,"$933,725"
Dec 15,,Sunday,349,"$3,855,735",-31.8%,-,1,Hook,"$3,855,735"
Dec 14,,Saturday,348,"$5,657,275",+41.1%,-,1,Hook,"$5,657,275"
Dec 13,,Friday,347,"$4,009,525",+182.9%,-,1,Hook,"$4,009,525"
Dec 12,,Thursday,346,"$1,417,065",-33.2%,-,1,Hook,"$1,417,065"
Dec 11,,Wednesday,345,"$2,120,105",-,-,1,Hook,"$2,120,105"
Nov 14,,Thursday,318,"$29,600",-3.8%,-20.8%,1,Terminator 2: Judgment Day,"$29,600"
Nov 13,,Wednesday,317,"$30,784",-3.7%,-20.7%,1,Terminator 2: Judgment Day,"$30,784"
Nov 12,,Tuesday,316,"$31,968",-42.6%,-23.3%,1,Terminator 2: Judgment Day,"$31,968"
Nov 11,,Monday,315,"$55,648",-72.8%,+64.7%,1,Terminator 2: Judgment Day,"$55,648"
Nov 10,,Sunday,314,"$204,240",-24.7%,+102.9%,1,Terminator 2: Judgment Day,"$204,240"
Nov 9,,Saturday,313,"$271,136",+85.4%,+10.9%,1,Terminator 2: Judgment Day,"$271,136"
Nov 8,,Friday,312,"$146,224",+291.1%,+23.3%,1,Terminator 2: Judgment Day,"$146,224"
Nov 7,,Thursday,311,"$37,388",-3.7%,-21.7%,1,Terminator 2: Judgment Day,"$37,388"
Nov 6,,Wednesday,310,"$38,826",-6.9%,-15.8%,1,Terminator 2: Judgment Day,"$38,826"
Nov 5,,Tuesday,309,"$41,702",+23.4%,-99.5%,1,Terminator 2: Judgment Day,"$41,702"
Nov 4,,Monday,308,"$33,793",-66.4%,-16.2%,1,Terminator 2: Judgment Day,"$33,793"
Nov 3,,Sunday,307,"$100,660",-58.8%,-35.6%,1,Terminator 2: Judgment Day,"$100,660"
Nov 2,,Saturday,306,"$244,460",+106.1%,-21.8%,1,Terminator 2: Judgment Day,"$244,460"
Nov 1,,Friday,305,"$118,635",+148.5%,-34.5%,1,Terminator 2: Judgment Day,"$118,635"
Oct 31,Halloween,Thursday,304,"$47,734",+3.6%,+4.2%,1,Terminator 2: Judgment Day,"$47,734"
Oct 30,,Wednesday,303,"$46,088",-99.4%,+14%,1,Terminator 2: Judgment Day,"$46,088"
Oct 29,,Tuesday,302,"$52,672",+30.6%,-15%,1,Terminator 2: Judgment Day,"$52,672"
Oct 28,,Monday,301,"$40,327",-74.2%,-20.4%,1,Terminator 2: Judgment Day,"$40,327"
Oct 27,,Sunday,300,"$156,370",-50%,+11.2%,1,Terminator 2: Judgment Day,"$156,370"
Oct 26,,Saturday,299,"$312,740",+72.7%,+16.7%,1,Terminator 2: Judgment Day,"$312,740"
Oct 25,,Friday,298,"$181,060",+295.2%,+14.6%,1,Terminator 2: Judgment Day,"$181,060"
Oct 24,,Thursday,297,"$45,815",+13.3%,-6.4%,1,Terminator 2: Judgment Day,"$45,815"
Oct 23,,Wednesday,296,"$40,425",-34.8%,-24.1%,1,Terminator 2: Judgment Day,"$40,425"
Oct 22,,Tuesday,295,"$61,985",+22.3%,-2.6%,1,Terminator 2: Judgment Day,"$61,985"
Oct 21,,Monday,294,"$50,666",-64%,-36.3%,1,Terminator 2: Judgment Day,"$50,666"
Oct 20,,Sunday,293,"$140,679",-47.5%,-23.4%,1,Terminator 2: Judgment Day,"$140,679"
Oct 19,,Saturday,292,"$267,883",+69.6%,-12.5%,1,Terminator 2: Judgment Day,"$267,883"
Oct 18,,Friday,291,"$157,927",+222.6%,-9.5%,1,Terminator 2: Judgment Day,"$157,927"
Oct 17,,Thursday,290,"$48,960",-8%,-39.5%,1,Terminator 2: Judgment Day,"$48,960"
Oct 16,,Wednesday,289,"$53,244",-16.3%,-25.7%,1,Terminator 2: Judgment Day,"$53,244"
Oct 15,,Tuesday,288,"$63,648",-20%,-27.1%,1,Terminator 2: Judgment Day,"$63,648"
Oct 14,Indig. Peoples' Day,Monday,287,"$79,560",-56.7%,+13.9%,1,Terminator 2: Judgment Day,"$79,560"
Oct 13,,Sunday,286,"$183,600",-40%,-32.3%,1,Terminator 2: Judgment Day,"$183,600"
Oct 12,,Saturday,285,"$306,000",+75.4%,-34.7%,1,Terminator 2: Judgment Day,"$306,000"
Oct 11,,Friday,284,"$174,420",+115.7%,-35.4%,1,Terminator 2: Judgment Day,"$174,420"
Oct 10,,Thursday,283,"$80,872",+12.8%,-32.3%,1,Terminator 2: Judgment Day,"$80,872"
Oct 9,,Wednesday,282,"$71,682",-17.9%,-37.9%,1,Terminator 2: Judgment Day,"$71,682"
Oct 8,,Tuesday,281,"$87,305",+25%,-39%,1,Terminator 2: Judgment Day,"$87,305"
Oct 7,,Monday,280,"$69,844",-74.2%,-32.6%,1,Terminator 2: Judgment Day,"$69,844"
Oct 6,,Sunday,279,"$271,105",-42.2%,-12.1%,1,Terminator 2: Judgment Day,"$271,105"
Oct 5,,Saturday,278,"$468,690",+73.5%,-21.3%,1,Terminator 2: Judgment Day,"$468,690"
Oct 4,,Friday,277,"$270,186",+126.3%,-22.6%,1,Terminator 2: Judgment Day,"$270,186"
Oct 3,,Thursday,276,"$119,392",+3.4%,-22.7%,1,Terminator 2: Judgment Day,"$119,392"
Oct 2,,Wednesday,275,"$115,456",-19.3%,-30.9%,1,Terminator 2: Judgment Day,"$115,456"
Oct 1,,Tuesday,274,"$143,008",+38%,-36.7%,1,Terminator 2: Judgment Day,"$143,008"
Sep 30,,Monday,273,"$103,648",-66.4%,-29.2%,1,Terminator 2: Judgment Day,"$103,648"
Sep 29,,Sunday,272,"$308,320",-48.2%,-37.7%,1,Terminator 2: Judgment Day,"$308,320"
Sep 28,,Saturday,271,"$595,648",+70.7%,-38.8%,1,Terminator 2: Judgment Day,"$595,648"
Sep 27,,Friday,270,"$348,992",+126%,-41.4%,1,Terminator 2: Judgment Day,"$348,992"
Sep 26,,Thursday,269,"$154,424",-7.6%,-17.2%,1,Terminator 2: Judgment Day,"$154,424"
Sep 25,,Wednesday,268,"$167,160",-26.1%,-19%,1,Terminator 2: Judgment Day,"$167,160"
Sep 24,,Tuesday,267,"$226,064",+54.3%,-13.3%,1,Terminator 2: Judgment Day,"$226,064"
Sep 23,,Monday,266,"$146,464",-70.4%,-9.5%,1,Terminator 2: Judgment Day,"$146,464"
Sep 22,,Sunday,265,"$495,112",-49.1%,-22.1%,1,Terminator 2: Judgment Day,"$495,112"
Sep 21,,Saturday,264,"$972,712",+63.4%,-17.6%,1,Terminator 2: Judgment Day,"$972,712"
Sep 20,,Friday,263,"$595,408",+219.1%,-10.5%,1,Terminator 2: Judgment Day,"$595,408"
Sep 19,,Thursday,262,"$186,563",-9.6%,-15.7%,1,Terminator 2: Judgment Day,"$186,563"
Sep 18,,Wednesday,261,"$206,375",-20.9%,-9%,1,Terminator 2: Judgment Day,"$206,375"
Sep 17,,Tuesday,260,"$260,858",+61.2%,-19%,1,Terminator 2: Judgment Day,"$260,858"
Sep 16,,Monday,259,"$161,798",-74.5%,-32.9%,1,Terminator 2: Judgment Day,"$161,798"
Sep 15,,Sunday,258,"$635,635",-46.2%,-19.7%,1,Terminator 2: Judgment Day,"$635,635"
Sep 14,,Saturday,257,"$1,180,465",+77.4%,-20.4%,1,Terminator 2: Judgment Day,"$1,180,465"
Sep 13,,Friday,256,"$665,353",+200.5%,-20%,1,Terminator 2: Judgment Day,"$665,353"
Sep 12,,Thursday,255,"$221,400",-2.4%,-23.4%,1,Terminator 2: Judgment Day,"$221,400"
Sep 11,,Wednesday,254,"$226,800",-29.6%,-24.4%,1,Terminator 2: Judgment Day,"$226,800"
Sep 10,,Tuesday,253,"$322,200",+33.6%,-25.8%,1,Terminator 2: Judgment Day,"$322,200"
Sep 9,,Monday,252,"$241,200",-69.5%,-74.4%,1,Terminator 2: Judgment Day,"$241,200"
Sep 8,,Sunday,251,"$792,000",-46.6%,-50%,1,Terminator 2: Judgment Day,"$792,000"
Sep 7,,Saturday,250,"$1,483,200",+78.3%,-15.4%,1,Terminator 2: Judgment Day,"$1,483,200"
Sep 6,,Friday,249,"$831,795",+188%,-25.9%,1,Terminator 2: Judgment Day,"$831,795"
Sep 5,,Thursday,248,"$288,864",-3.8%,-42%,1,Terminator 2: Judgment Day,"$288,864"
Sep 4,,Wednesday,247,"$300,192",-30.9%,-37.1%,1,Terminator 2: Judgment Day,"$300,192"
Sep 3,,Tuesday,246,"$434,240",-53.8%,-33.6%,1,Terminator 2: Judgment Day,"$434,240"
Sep 2,Labor Day,Monday,245,"$940,610",-40.6%,+84.9%,1,Terminator 2: Judgment Day,"$940,610"
Sep 1,,Sunday,244,"$1,584,286",-9.7%,+37.5%,1,Terminator 2: Judgment Day,"$1,584,286"
Aug 31,,Saturday,243,"$1,754,086",+56.3%,-0.6%,1,Terminator 2: Judgment Day,"$1,754,086"
Aug 30,,Friday,242,"$1,122,311",+125.3%,-4.3%,1,Terminator 2: Judgment Day,"$1,122,311"
Aug 29,,Thursday,241,"$498,240",+4.3%,-24.1%,1,Terminator 2: Judgment Day,"$498,240"
Aug 28,,Wednesday,240,"$477,480",-27%,-34.1%,1,Terminator 2: Judgment Day,"$477,480"
Aug 27,,Tuesday,239,"$653,940",+28.6%,-28.6%,1,Terminator 2: Judgment Day,"$653,940"
Aug 26,,Monday,238,"$508,620",-55.9%,-31.9%,1,Terminator 2: Judgment Day,"$508,620"
Aug 25,,Sunday,237,"$1,152,180",-34.7%,-31.2%,1,Terminator 2: Judgment Day,"$1,152,180"
Aug 24,,Saturday,236,"$1,764,600",+50.4%,-23.6%,1,Terminator 2: Judgment Day,"$1,764,600"
Aug 23,,Friday,235,"$1,172,940",+78.7%,-24.9%,1,Terminator 2: Judgment Day,"$1,172,940"
Aug 22,,Thursday,234,"$656,270",-9.4%,-28.6%,1,Terminator 2: Judgment Day,"$656,270"
Aug 21,,Wednesday,233,"$724,160",-21%,-17%,1,Terminator 2: Judgment Day,"$724,160"
Aug 20,,Tuesday,232,"$916,515",+22.7%,-16.6%,1,Terminator 2: Judgment Day,"$916,515"
Aug 19,,Monday,231,"$746,790",-55.4%,-11.9%,1,Terminator 2: Judgment Day,"$746,790"
Aug 18,,Sunday,230,"$1,674,620",-27.5%,-10.7%,1,Terminator 2: Judgment Day,"$1,674,620"
Aug 17,,Saturday,229,"$2,308,260",+47.8%,-16.7%,1,Terminator 2: Judgment Day,"$2,308,260"
Aug 16,,Friday,228,"$1,561,470",+69.8%,-24.9%,1,Terminator 2: Judgment Day,"$1,561,470"
Aug 15,,Thursday,227,"$919,765",+5.5%,-19%,1,Terminator 2: Judgment Day,"$919,765"
Aug 14,,Wednesday,226,"$871,985",-20.7%,-20.6%,1,Terminator 2: Judgment Day,"$871,985"
Aug 13,,Tuesday,225,"$1,098,940",+29.6%,-17.7%,1,Terminator 2: Judgment Day,"$1,098,940"
Aug 12,,Monday,224,"$848,095",-54.8%,-26.9%,1,Terminator 2: Judgment Day,"$848,095"
Aug 11,,Sunday,223,"$1,875,365",-32.3%,-28.4%,1,Terminator 2: Judgment Day,"$1,875,365"
Aug 10,,Saturday,222,"$2,771,240",+33.3%,-21.9%,1,Terminator 2: Judgment Day,"$2,771,240"
Aug 9,,Friday,221,"$2,078,430",+83.1%,-14.1%,1,Terminator 2: Judgment Day,"$2,078,430"
Aug 8,,Thursday,220,"$1,135,225",+3.4%,-2.3%,1,Terminator 2: Judgment Day,"$1,135,225"
Aug 7,,Wednesday,219,"$1,097,800",-17.8%,-9.3%,1,Terminator 2: Judgment Day,"$1,097,800"
Aug 6,,Tuesday,218,"$1,334,825",+15.1%,-18.5%,1,Terminator 2: Judgment Day,"$1,334,825"
Aug 5,,Monday,217,"$1,160,175",-55.7%,-22.8%,1,Terminator 2: Judgment Day,"$1,160,175"
Aug 4,,Sunday,216,"$2,619,750",-26.2%,-16.6%,1,Terminator 2: Judgment Day,"$2,619,750"
Aug 3,,Saturday,215,"$3,547,890",+46.6%,-23.6%,1,Terminator 2: Judgment Day,"$3,547,890"
Aug 2,,Friday,214,"$2,420,150",+108.4%,-25.9%,1,Terminator 2: Judgment Day,"$2,420,150"
Aug 1,,Thursday,213,"$1,161,375",-4%,-34.9%,1,Terminator 2: Judgment Day,"$1,161,375"
Jul 31,,Wednesday,212,"$1,210,275",-26.1%,-26.9%,1,Terminator 2: Judgment Day,"$1,210,275"
Jul 30,,Tuesday,211,"$1,638,150",+8.9%,-18.4%,1,Terminator 2: Judgment Day,"$1,638,150"
Jul 29,,Monday,210,"$1,503,675",-52.1%,-16.3%,1,Terminator 2: Judgment Day,"$1,503,675"
Jul 28,,Sunday,209,"$3,141,825",-32.4%,-30.5%,1,Terminator 2: Judgment Day,"$3,141,825"
Jul 27,,Saturday,208,"$4,645,500",+42.3%,-23.1%,1,Terminator 2: Judgment Day,"$4,645,500"
Jul 26,,Friday,207,"$3,264,075",+82.8%,-24.6%,1,Terminator 2: Judgment Day,"$3,264,075"
Jul 25,,Thursday,206,"$1,785,240",+7.8%,-26.8%,1,Terminator 2: Judgment Day,"$1,785,240"
Jul 24,,Wednesday,205,"$1,656,045",-17.5%,-32.6%,1,Terminator 2: Judgment Day,"$1,656,045"
Jul 23,,Tuesday,204,"$2,008,395",+11.8%,-22%,1,Terminator 2: Judgment Day,"$2,008,395"
Jul 22,,Monday,203,"$1,796,985",-60.3%,-28.6%,1,Terminator 2: Judgment Day,"$1,796,985"
Jul 21,,Sunday,202,"$4,523,070",-25.1%,-25.7%,1,Terminator 2: Judgment Day,"$4,523,070"
Jul 20,,Saturday,201,"$6,042,670",+39.6%,-28.2%,1,Terminator 2: Judgment Day,"$6,042,670"
Jul 19,,Friday,200,"$4,329,685",+77.6%,-30.6%,1,Terminator 2: Judgment Day,"$4,329,685"
Jul 18,,Thursday,199,"$2,437,785",-0.8%,-36.1%,1,Terminator 2: Judgment Day,"$2,437,785"
Jul 17,,Wednesday,198,"$2,458,386",-4.5%,-40.4%,1,Terminator 2: Judgment Day,"$2,458,386"
Jul 16,,Tuesday,197,"$2,575,125",+2.3%,-41.4%,1,Terminator 2: Judgment Day,"$2,575,125"
Jul 15,,Monday,196,"$2,517,900",-58.6%,-50.1%,1,Terminator 2: Judgment Day,"$2,517,900"
Jul 14,,Sunday,195,"$6,088,740",-27.6%,-34.8%,1,Terminator 2: Judgment Day,"$6,088,740"
Jul 13,,Saturday,194,"$8,412,075",+34.9%,-24.9%,1,Terminator 2: Judgment Day,"$8,412,075"
Jul 12,,Friday,193,"$6,237,525",+63.5%,-44.4%,1,Terminator 2: Judgment Day,"$6,237,525"
Jul 11,,Thursday,192,"$3,815,772",-7.5%,-57%,1,Terminator 2: Judgment Day,"$3,815,772"
Jul 10,,Wednesday,191,"$4,127,310",-6.1%,-55.5%,1,Terminator 2: Judgment Day,"$4,127,310"
Jul 9,,Tuesday,190,"$4,393,368",-13%,+82.8%,1,Terminator 2: Judgment Day,"$4,393,368"
Jul 8,,Monday,189,"$5,048,280",-45.9%,"+132,749.5%",1,Terminator 2: Judgment Day,"$5,048,280"
Jul 7,,Sunday,188,"$9,334,770",-16.7%,"+46,690.8%",1,Terminator 2: Judgment Day,"$9,334,770"
Jul 6,,Saturday,187,"$11,203,998",-0.2%,"+34,587.3%",1,Terminator 2: Judgment Day,"$11,203,998"
Jul 5,,Friday,186,"$11,226,738",+26.4%,"+56,174.4%",1,Terminator 2: Judgment Day,"$11,226,738"
Jul 4,Independence Day,Thursday,185,"$8,883,770",-4.1%,"+211,418.3%",2,Terminator 2: Judgment Day,"$8,879,970"
Jul 3,,Wednesday,184,"$9,264,872",+285.4%,"+220,492.2%",2,Terminator 2: Judgment Day,"$9,261,072"
Jul 2,,Tuesday,183,"$2,403,800","+63,157.9%","+57,133.3%",2,Terminator 2: Judgment Day,"$2,400,000"
Jul 1,,Monday,182,"$3,800",-81%,+20.6%,1,Kindergarten Cop,"$3,800"
Jun 30,,Sunday,181,"$19,950",-38.2%,-17.4%,1,Kindergarten Cop,"$19,950"
Jun 29,,Saturday,180,"$32,300",+61.9%,-14.6%,1,Kindergarten Cop,"$32,300"
Jun 28,,Friday,179,"$19,950",+375%,-17.4%,1,Kindergarten Cop,"$19,950"
Jun 27,,Thursday,178,"$4,200",-,-14.3%,1,Kindergarten Cop,"$4,200"
Jun 26,,Wednesday,177,"$4,200",-,-14.3%,1,Kindergarten Cop,"$4,200"
Jun 25,,Tuesday,176,"$4,200",+33.3%,-14.3%,1,Kindergarten Cop,"$4,200"
Jun 24,,Monday,175,"$3,150",-87%,-35.7%,1,Kindergarten Cop,"$3,150"
Jun 23,,Sunday,174,"$24,150",-36.1%,-24.2%,1,Kindergarten Cop,"$24,150"
Jun 22,,Saturday,173,"$37,800",+56.5%,-20.9%,1,Kindergarten Cop,"$37,800"
Jun 21,,Friday,172,"$24,150",+392.9%,-24.2%,1,Kindergarten Cop,"$24,150"
Jun 20,,Thursday,171,"$4,900",-,-16.9%,1,Kindergarten Cop,"$4,900"
Jun 19,,Wednesday,170,"$4,900",-,+10.7%,1,Kindergarten Cop,"$4,900"
Jun 18,,Tuesday,169,"$4,900",-,-16.9%,1,Kindergarten Cop,"$4,900"
Jun 17,,Monday,168,"$4,900",-84.6%,-33.6%,1,Kindergarten Cop,"$4,900"
Jun 16,,Sunday,167,"$31,850",-33.3%,-20%,1,Kindergarten Cop,"$31,850"
Jun 15,,Saturday,166,"$47,775",+50%,-19%,1,Kindergarten Cop,"$47,775"
Jun 14,,Friday,165,"$31,850",+439.8%,-20%,1,Kindergarten Cop,"$31,850"
Jun 13,,Thursday,164,"$5,900",+33.3%,-16.9%,1,Kindergarten Cop,"$5,900"
Jun 12,,Wednesday,163,"$4,425",-25%,-16.9%,1,Kindergarten Cop,"$4,425"
Jun 11,,Tuesday,162,"$5,900",-20%,-16.9%,1,Kindergarten Cop,"$5,900"
Jun 10,,Monday,161,"$7,375",-81.5%,-16.9%,1,Kindergarten Cop,"$7,375"
Jun 9,,Sunday,160,"$39,825",-32.5%,-22.6%,1,Kindergarten Cop,"$39,825"
Jun 8,,Saturday,159,"$59,003",+48.2%,-20.9%,1,Kindergarten Cop,"$59,003"
Jun 7,,Friday,158,"$39,825",+460.9%,-22.6%,1,Kindergarten Cop,"$39,825"
Jun 6,,Thursday,157,"$7,100",+33.3%,+19.8%,1,Kindergarten Cop,"$7,100"
Jun 5,,Wednesday,156,"$5,325",-25%,-10.1%,1,Kindergarten Cop,"$5,325"
Jun 4,,Tuesday,155,"$7,100",-20%,-28.1%,1,Kindergarten Cop,"$7,100"
Jun 3,,Monday,154,"$8,875",-82.8%,-99.7%,1,Kindergarten Cop,"$8,875"
Jun 2,,Sunday,153,"$51,475",-31%,-98.8%,1,Kindergarten Cop,"$51,475"
Jun 1,,Saturday,152,"$74,550",+44.8%,-98.4%,1,Kindergarten Cop,"$74,550"
May 31,,Friday,151,"$51,475",+768.8%,-98.6%,1,Kindergarten Cop,"$51,475"
May 30,,Thursday,150,"$5,925",-,+33.4%,1,Kindergarten Cop,"$5,925"
May 29,,Wednesday,149,"$5,925",-40%,+33.4%,1,Kindergarten Cop,"$5,925"
May 28,,Tuesday,148,"$9,875",-99.7%,+33.4%,1,Kindergarten Cop,"$9,875"
May 27,Memorial Day,Monday,147,"$3,060,980",-30.4%,"+51,605.7%",2,Backdraft,"$3,037,280"
May 26,,Sunday,146,"$4,394,905",-8.4%,"+10,139.8%",2,Backdraft,"$4,333,680"
May 25,,Saturday,145,"$4,800,240",+29.7%,"+7,810.7%",2,Backdraft,"$4,713,340"
May 24,,Friday,144,"$3,700,405","+83,242.5%","+8,521.6%",2,Backdraft,"$3,639,180"
May 23,,Thursday,143,"$4,440",-,-33.3%,1,Kindergarten Cop,"$4,440"
May 22,,Wednesday,142,"$4,440",-40%,-33.3%,1,Kindergarten Cop,"$4,440"
May 21,,Tuesday,141,"$7,400",+25%,-25.9%,1,Kindergarten Cop,"$7,400"
May 20,,Monday,140,"$5,920",-86.2%,-28.9%,1,Kindergarten Cop,"$5,920"
May 19,,Sunday,139,"$42,920",-29.3%,-7.9%,1,Kindergarten Cop,"$42,920"
May 18,,Saturday,138,"$60,680",+41.4%,-17.2%,1,Kindergarten Cop,"$60,680"
May 17,,Friday,137,"$42,920",+544.4%,-16.8%,1,Kindergarten Cop,"$42,920"
May 16,,Thursday,136,"$6,660",-,-42.3%,1,Kindergarten Cop,"$6,660"
May 15,,Wednesday,135,"$6,660",-33.3%,-30.8%,1,Kindergarten Cop,"$6,660"
May 14,,Tuesday,134,"$9,990",+20%,-35.1%,1,Kindergarten Cop,"$9,990"
May 13,,Monday,133,"$8,325",-82.1%,-38.2%,1,Kindergarten Cop,"$8,325"
May 12,,Sunday,132,"$46,620",-36.4%,-28.8%,1,Kindergarten Cop,"$46,620"
May 11,,Saturday,131,"$73,260",+41.9%,-28.2%,1,Kindergarten Cop,"$73,260"
May 10,,Friday,130,"$51,615",+346.9%,-27.5%,1,Kindergarten Cop,"$51,615"
May 9,,Thursday,129,"$11,550",+20%,-28.5%,1,Kindergarten Cop,"$11,550"
May 8,,Wednesday,128,"$9,625",-37.5%,-31.9%,1,Kindergarten Cop,"$9,625"
May 7,,Tuesday,127,"$15,400",+14.3%,-23.8%,1,Kindergarten Cop,"$15,400"
May 6,,Monday,126,"$13,475",-79.4%,-25.9%,1,Kindergarten Cop,"$13,475"
May 5,,Sunday,125,"$65,450",-35.8%,-24.6%,1,Kindergarten Cop,"$65,450"
May 4,,Saturday,124,"$102,025",+43.2%,-22.3%,1,Kindergarten Cop,"$102,025"
May 3,,Friday,123,"$71,225",+340.7%,-25%,1,Kindergarten Cop,"$71,225"
May 2,,Thursday,122,"$16,160",+14.3%,-33.2%,1,Kindergarten Cop,"$16,160"
May 1,,Wednesday,121,"$14,140",-30%,-35.7%,1,Kindergarten Cop,"$14,140"
Apr 30,,Tuesday,120,"$20,200",+11.1%,-29.4%,1,Kindergarten Cop,"$20,200"
Apr 29,,Monday,119,"$18,180",-79.1%,-24.9%,1,Kindergarten Cop,"$18,180"
Apr 28,,Sunday,118,"$86,860",-33.8%,-30.7%,1,Kindergarten Cop,"$86,860"
Apr 27,,Saturday,117,"$131,300",+38.3%,-34.4%,1,Kindergarten Cop,"$131,300"
Apr 26,,Friday,116,"$94,940",+292.3%,-33.6%,1,Kindergarten Cop,"$94,940"
Apr 25,,Thursday,115,"$24,200",+10%,-26.3%,1,Kindergarten Cop,"$24,200"
Apr 24,,Wednesday,114,"$22,000",-23.1%,-27.8%,1,Kindergarten Cop,"$22,000"
Apr 23,,Tuesday,113,"$28,600",+18.2%,-23.8%,1,Kindergarten Cop,"$28,600"
Apr 22,,Monday,112,"$24,200",-80.7%,-26.3%,1,Kindergarten Cop,"$24,200"
Apr 21,,Sunday,111,"$125,400",-37.4%,-23.6%,1,Kindergarten Cop,"$125,400"
Apr 20,,Saturday,110,"$200,200",+40%,-21.7%,1,Kindergarten Cop,"$200,200"
Apr 19,,Friday,109,"$143,000",+335.6%,-24.7%,1,Kindergarten Cop,"$143,000"
Apr 18,,Thursday,108,"$32,830",+7.7%,-18.5%,1,Kindergarten Cop,"$32,830"
Apr 17,,Wednesday,107,"$30,485",-18.8%,-18.9%,1,Kindergarten Cop,"$30,485"
Apr 16,,Tuesday,106,"$37,520",+14.3%,-17.8%,1,Kindergarten Cop,"$37,520"
Apr 15,,Monday,105,"$32,830",-80%,-18.5%,1,Kindergarten Cop,"$32,830"
Apr 14,,Sunday,104,"$164,150",-35.8%,+3.6%,1,Kindergarten Cop,"$164,150"
Apr 13,,Saturday,103,"$255,605",+34.6%,-11%,1,Kindergarten Cop,"$255,605"
Apr 12,,Friday,102,"$189,945",+371.6%,-5.7%,1,Kindergarten Cop,"$189,945"
Apr 11,,Thursday,101,"$40,275",+7.1%,-63.5%,1,Kindergarten Cop,"$40,275"
Apr 10,,Wednesday,100,"$37,590",-17.6%,-65.1%,1,Kindergarten Cop,"$37,590"
Apr 9,,Tuesday,99,"$45,645",+13.3%,-57.8%,1,Kindergarten Cop,"$45,645"
Apr 8,,Monday,98,"$40,275",-74.6%,-64.2%,1,Kindergarten Cop,"$40,275"
Apr 7,,Sunday,97,"$158,415",-44.9%,-18%,1,Kindergarten Cop,"$158,415"
Apr 6,,Saturday,96,"$287,295",+42.7%,+1.2%,1,Kindergarten Cop,"$287,295"
Apr 5,,Friday,95,"$201,375",+82.4%,-25.9%,1,Kindergarten Cop,"$201,375"
Apr 4,,Thursday,94,"$110,400",+2.6%,+18.5%,1,Kindergarten Cop,"$110,400"
Apr 3,,Wednesday,93,"$107,640",-0.5%,-99.6%,1,Kindergarten Cop,"$107,640"
Apr 2,,Tuesday,92,"$108,225",-3.9%,-99.3%,1,Kindergarten Cop,"$108,225"
Apr 1,,Monday,91,"$112,600",-41.7%,+65.9%,1,Kindergarten Cop,"$112,600"
Mar 31,Easter Sunday,Sunday,90,"$193,280",-31.9%,+13%,1,Kindergarten Cop,"$193,280"
Mar 30,,Saturday,89,"$283,880",+4.4%,-3.1%,1,Kindergarten Cop,"$283,880"
Mar 29,,Friday,88,"$271,800",+191.8%,+46.4%,1,Kindergarten Cop,"$271,800"
Mar 28,,Thursday,87,"$93,160",-99.7%,+79.9%,1,Kindergarten Cop,"$93,160"
Mar 27,,Wednesday,86,"$83,545",-99.5%,+70.3%,1,Kindergarten Cop,"$83,545"
Mar 26,,Tuesday,85,"$80,850",+19.1%,+55.9%,1,Kindergarten Cop,"$80,850"
Mar 25,,Monday,84,"$67,875",-60.3%,+55.1%,1,Kindergarten Cop,"$67,875"
Mar 24,,Sunday,83,"$171,105",-41.6%,-14.9%,1,Kindergarten Cop,"$171,105"
Mar 23,,Saturday,82,"$292,910",+57.8%,-24.3%,1,Kindergarten Cop,"$292,910"
Mar 22,,Friday,81,"$185,605",+258.5%,-16.4%,1,Kindergarten Cop,"$185,605"
Mar 21,,Thursday,80,"$51,775",+5.6%,-5%,1,Kindergarten Cop,"$51,775"
Mar 20,,Wednesday,79,"$49,050",-5.4%,+2%,1,Kindergarten Cop,"$49,050"
Mar 19,,Tuesday,78,"$51,870",+18.5%,-98.5%,1,Kindergarten Cop,"$51,870"
Mar 18,,Monday,77,"$43,760",-78.2%,-16.4%,1,Kindergarten Cop,"$43,760"
Mar 17,,Sunday,76,"$201,005",-48.1%,-18.8%,1,Kindergarten Cop,"$201,005"
Mar 16,,Saturday,75,"$387,013",+74.3%,-4%,1,Kindergarten Cop,"$387,013"
Mar 15,,Friday,74,"$222,010",+307.5%,-12.8%,1,Kindergarten Cop,"$222,010"
Mar 14,,Thursday,73,"$54,485",+13.3%,-15.7%,1,Kindergarten Cop,"$54,485"
Mar 13,,Wednesday,72,"$48,075",-98.6%,-29.7%,1,Kindergarten Cop,"$48,075"
Mar 12,,Tuesday,71,"$58,320",+11.5%,-19.4%,1,Kindergarten Cop,"$58,320"
Mar 11,,Monday,70,"$52,320",-78.9%,-17.3%,1,Kindergarten Cop,"$52,320"
Mar 10,,Sunday,69,"$247,450",-38.6%,-20.5%,1,Kindergarten Cop,"$247,450"
Mar 9,,Saturday,68,"$402,990",+58.3%,-22.5%,1,Kindergarten Cop,"$402,990"
Mar 8,,Friday,67,"$254,520",+293.9%,-11.2%,1,Kindergarten Cop,"$254,520"
Mar 7,,Thursday,66,"$64,620",-5.5%,-14%,1,Kindergarten Cop,"$64,620"
Mar 6,,Wednesday,65,"$68,400",-5.5%,-13.7%,1,Kindergarten Cop,"$68,400"
Mar 5,,Tuesday,64,"$72,400",+14.5%,-18.3%,1,Kindergarten Cop,"$72,400"
Mar 4,,Monday,63,"$63,240",-79.7%,+0.3%,1,Kindergarten Cop,"$63,240"
Mar 3,,Sunday,62,"$311,220",-40.2%,+5.8%,1,Kindergarten Cop,"$311,220"
Mar 2,,Saturday,61,"$520,065",+81.4%,+0.8%,1,Kindergarten Cop,"$520,065"
Mar 1,,Friday,60,"$286,650",+281.5%,-8.5%,1,Kindergarten Cop,"$286,650"
Feb 28,,Thursday,59,"$75,140",-5.2%,-24.2%,1,Kindergarten Cop,"$75,140"
Feb 27,,Wednesday,58,"$79,290",-10.5%,-14.8%,1,Kindergarten Cop,"$79,290"
Feb 26,,Tuesday,57,"$88,600",+40.5%,-26.8%,1,Kindergarten Cop,"$88,600"
Feb 25,,Monday,56,"$63,070",-78.5%,-77.1%,1,Kindergarten Cop,"$63,070"
Feb 24,,Sunday,55,"$294,020",-43%,-38.3%,1,Kindergarten Cop,"$294,020"
Feb 23,,Saturday,54,"$515,740",+64.6%,-18.3%,1,Kindergarten Cop,"$515,740"
Feb 22,,Friday,53,"$313,300",+215.9%,-4.2%,1,Kindergarten Cop,"$313,300"
Feb 21,,Thursday,52,"$99,180",+6.6%,-93.7%,1,Kindergarten Cop,"$99,180"
Feb 20,,Wednesday,51,"$93,075",-23.1%,-19.7%,1,Kindergarten Cop,"$93,075"
Feb 19,,Tuesday,50,"$121,000",-56.1%,-29.4%,1,Kindergarten Cop,"$121,000"
Feb 18,Presidents' Day,Monday,49,"$275,520",-42.2%,+68.4%,1,Kindergarten Cop,"$275,520"
Feb 17,,Sunday,48,"$476,420",-24.5%,-24.8%,1,Kindergarten Cop,"$476,420"
Feb 16,,Saturday,47,"$631,400",+93%,-44.6%,1,Kindergarten Cop,"$631,400"
Feb 15,,Friday,46,"$327,180",-79.2%,-50.8%,1,Kindergarten Cop,"$327,180"
Feb 14,,Thursday,45,"$1,575,112","+1,259.3%",+737.9%,2,The Silence of the Lambs,"$1,412,862"
Feb 13,,Wednesday,44,"$115,875",-32.4%,-35.4%,1,Kindergarten Cop,"$115,875"
Feb 12,,Tuesday,43,"$171,380",+4.8%,-28.5%,1,Kindergarten Cop,"$171,380"
Feb 11,,Monday,42,"$163,590",-74.2%,-5.1%,1,Kindergarten Cop,"$163,590"
Feb 10,,Sunday,41,"$633,205",-44.4%,-35.2%,1,Kindergarten Cop,"$633,205"
Feb 9,,Saturday,40,"$1,139,760",+71.4%,-39.5%,1,Kindergarten Cop,"$1,139,760"
Feb 8,,Friday,39,"$664,860",+253.7%,-34.8%,1,Kindergarten Cop,"$664,860"
Feb 7,,Thursday,38,"$187,990",+4.8%,-26.7%,1,Kindergarten Cop,"$187,990"
Feb 6,,Wednesday,37,"$179,340",-25.1%,-27.4%,1,Kindergarten Cop,"$179,340"
Feb 5,,Tuesday,36,"$239,540",+38.9%,-29.9%,1,Kindergarten Cop,"$239,540"
Feb 4,,Monday,35,"$172,400",-82.3%,-33%,1,Kindergarten Cop,"$172,400"
Feb 3,,Sunday,34,"$976,640",-48.1%,+2.2%,1,Kindergarten Cop,"$976,640"
Feb 2,,Saturday,33,"$1,883,520",+84.6%,-15%,1,Kindergarten Cop,"$1,883,520"
Feb 1,,Friday,32,"$1,020,240",+297.5%,-17.9%,1,Kindergarten Cop,"$1,020,240"
Jan 31,,Thursday,31,"$256,635",+4%,-14.3%,1,Kindergarten Cop,"$256,635"
Jan 30,,Wednesday,30,"$246,870",-27.8%,-12.2%,1,Kindergarten Cop,"$246,870"
Jan 29,,Tuesday,29,"$341,820",+32.8%,-8.8%,1,Kindergarten Cop,"$341,820"
Jan 28,,Monday,28,"$257,310",-73.1%,-74.7%,1,Kindergarten Cop,"$257,310"
Jan 27,,Sunday,27,"$955,505",-56.9%,-44.6%,1,Kindergarten Cop,"$955,505"
Jan 26,,Saturday,26,"$2,216,760",+78.5%,-18.1%,1,Kindergarten Cop,"$2,216,760"
Jan 25,,Friday,25,"$1,242,150",+314.9%,-19.2%,1,Kindergarten Cop,"$1,242,150"
Jan 24,,Thursday,24,"$299,360",+6.4%,-22.7%,1,Kindergarten Cop,"$299,360"
Jan 23,,Wednesday,23,"$281,250",-25%,-9.3%,1,Kindergarten Cop,"$281,250"
Jan 22,,Tuesday,22,"$375,000",-63.2%,-17.4%,1,Kindergarten Cop,"$375,000"
Jan 21,MLK Day,Monday,21,"$1,018,440",-41%,+150.9%,1,Kindergarten Cop,"$1,018,440"
Jan 20,,Sunday,20,"$1,725,690",-36.2%,-3%,1,Kindergarten Cop,"$1,725,690"
Jan 19,,Saturday,19,"$2,706,410",+76.1%,-14.7%,1,Kindergarten Cop,"$2,706,410"
Jan 18,,Friday,18,"$1,537,090",+296.8%,-5.4%,1,Kindergarten Cop,"$1,537,090"
Jan 17,,Thursday,17,"$387,400",+25%,-27%,1,Kindergarten Cop,"$387,400"
Jan 16,,Wednesday,16,"$309,920",-31.8%,-42.6%,1,Kindergarten Cop,"$309,920"
Jan 15,,Tuesday,15,"$454,255",+11.9%,-28.6%,1,Kindergarten Cop,"$454,255"
Jan 14,,Monday,14,"$405,930",-77.2%,-23.5%,1,Kindergarten Cop,"$405,930"
Jan 13,,Sunday,13,"$1,779,280",-43.9%,-28.2%,1,Kindergarten Cop,"$1,779,280"
Jan 12,,Saturday,12,"$3,171,760",+95.2%,-20.8%,1,Kindergarten Cop,"$3,171,760"
Jan 11,,Friday,11,"$1,624,560",+206.2%,-45.3%,1,Kindergarten Cop,"$1,624,560"
Jan 10,,Thursday,10,"$530,475",-1.8%,-61.9%,1,Kindergarten Cop,"$530,475"
Jan 9,,Wednesday,9,"$540,120",-15.2%,-62.8%,1,Kindergarten Cop,"$540,120"
Jan 8,,Tuesday,8,"$636,570",+20%,-78.7%,1,Kindergarten Cop,"$636,570"
Jan 7,,Monday,7,"$530,475",-78.6%,-77.8%,1,Kindergarten Cop,"$530,475"
Jan 6,,Sunday,6,"$2,478,765",-38.1%,-26.5%,1,Kindergarten Cop,"$2,478,765"
Jan 5,,Saturday,5,"$4,002,675",+34.7%,-5.3%,1,Kindergarten Cop,"$4,002,675"
Jan 4,,Friday,4,"$2,970,660",+113.2%,-11.7%,1,Kindergarten Cop,"$2,970,660"
Jan 3,,Thursday,3,"$1,393,450",-4%,-40.4%,1,Kindergarten Cop,"$1,393,450"
Jan 2,,Wednesday,2,"$1,451,110",-51.4%,-42.8%,1,Kindergarten Cop,"$1,451,110"
Jan 1,New Year's Day,Tuesday,1,"$2,988,710",+24.9%,-65.2%,1,Kindergarten Cop,"$2,988,710"
