date,occasion,day_of_week,day_number,top_10_gross,top_10_gross_change_yesterday,top_10_gross_change_week,number_releases,movie_title,gross
Dec 31,New Year's Eve,Monday,365,"$36,240,441",-19.6%,-14.2%,53,Aquaman,"$10,011,638"
Dec 30,,Sunday,364,"$50,932,176",-12.4%,+2.9%,51,Aquaman,"$16,440,551"
Dec 29,,Saturday,363,"$58,118,460",+2.6%,+4.6%,51,Aquaman,"$18,632,907"
Dec 28,,Friday,362,"$56,667,767",+9.7%,-2.9%,51,Aquaman,"$17,041,113"
Dec 27,,Thursday,361,"$51,671,321",-7%,+299.2%,53,Aquaman,"$14,622,228"
Dec 26,,Wednesday,360,"$55,579,761",-21.6%,+261.8%,52,Aquaman,"$16,903,518"
Dec 25,Christmas Day,Tuesday,359,"$70,898,743",-3.4%,+30%,53,Aquaman,"$21,982,419"
Dec 24,,Monday,358,"$31,752,644",-35.8%,+184.5%,49,Aquaman,"$10,851,928"
Dec 23,,Sunday,357,"$49,473,471",-10.9%,+72.7%,53,Aquaman,"$18,793,733"
Dec 22,,Saturday,356,"$55,554,266",-4.8%,+29.8%,52,Aquaman,"$21,346,634"
Dec 21,,Friday,355,"$58,331,971",+350.7%,+83.2%,53,Aquaman,"$27,733,155"
Dec 20,,Thursday,354,"$12,943,731",-15.7%,+145.9%,60,Mary Poppins Returns,"$4,051,124"
Dec 19,,Wednesday,353,"$15,362,046",+7.6%,+146.4%,63,Mary Poppins Returns,"$4,763,547"
Dec 18,,Tuesday,352,"$14,278,049",+27.9%,+61.1%,59,Spider-Man: Into the Spider-Verse,"$4,301,097"
Dec 17,,Monday,351,"$11,160,534",-61%,+104.5%,61,Spider-Man: Into the Spider-Verse,"$2,765,829"
Dec 16,,Sunday,350,"$28,645,794",-33.1%,+35.6%,62,Spider-Man: Into the Spider-Verse,"$9,685,478"
Dec 15,,Saturday,349,"$42,788,962",+34.4%,+25.4%,65,Spider-Man: Into the Spider-Verse,"$13,012,817"
Dec 14,,Friday,348,"$31,834,524",+504.7%,+71%,60,Spider-Man: Into the Spider-Verse,"$12,665,081"
Dec 13,,Thursday,347,"$5,264,085",-15.6%,-25.3%,63,The Grinch,"$987,880"
Dec 12,,Wednesday,346,"$6,234,474",-29.7%,-17.9%,64,The Grinch,"$970,245"
Dec 11,,Tuesday,345,"$8,862,469",+62.4%,-23.6%,61,The Grinch,"$1,533,720"
Dec 10,,Monday,344,"$5,456,743",-74.2%,-18.5%,62,The Grinch,"$893,640"
Dec 9,,Sunday,343,"$21,129,847",-38.1%,-30.3%,63,Ralph Breaks the Internet,"$4,975,604"
Dec 8,,Saturday,342,"$34,133,076",+83.4%,-28%,62,Ralph Breaks the Internet,"$7,762,516"
Dec 7,,Friday,341,"$18,614,792",+164.3%,-34.5%,61,Ralph Breaks the Internet,"$3,515,711"
Dec 6,,Thursday,340,"$7,043,951",-7.2%,-24.2%,54,Creed II,"$1,107,634"
Dec 5,,Wednesday,339,"$7,589,749",-34.6%,-19.2%,52,Ralph Breaks the Internet,"$1,218,513"
Dec 4,,Tuesday,338,"$11,596,578",+73.1%,-25.4%,54,Ralph Breaks the Internet,"$2,139,443"
Dec 3,,Monday,337,"$6,698,881",-77.9%,-38.2%,54,Ralph Breaks the Internet,"$1,152,644"
Dec 2,,Sunday,336,"$30,318,732",-36.1%,-35.2%,55,Ralph Breaks the Internet,"$7,909,049"
Dec 1,,Saturday,335,"$47,431,308",+66.8%,-39.5%,54,Ralph Breaks the Internet,"$11,908,969"
Nov 30,,Friday,334,"$28,440,698",+206%,-63.9%,54,Ralph Breaks the Internet,"$5,748,927"
Nov 29,,Thursday,333,"$9,295,049",-1.1%,-76.8%,58,Ralph Breaks the Internet,"$1,650,373"
Nov 28,,Wednesday,332,"$9,398,372",-39.5%,-82.8%,55,Creed II,"$1,702,204"
Nov 27,,Tuesday,331,"$15,536,680",+43.4%,-31.3%,52,Ralph Breaks the Internet,"$3,235,011"
Nov 26,,Monday,330,"$10,836,901",-76.9%,-33.9%,55,Ralph Breaks the Internet,"$2,251,879"
Nov 25,,Sunday,329,"$46,813,707",-40.2%,+2.2%,55,Ralph Breaks the Internet,"$13,347,996"
Nov 24,,Saturday,328,"$78,342,803",-0.4%,+22.3%,55,Ralph Breaks the Internet,"$21,178,540"
Nov 23,,Friday,327,"$78,680,108",+96.4%,+51.1%,54,Ralph Breaks the Internet,"$21,711,098"
Nov 22,Thanksgiving,Thursday,326,"$40,067,310",-26.8%,+397.3%,58,Ralph Breaks the Internet,"$10,172,331"
Nov 21,,Wednesday,325,"$54,726,134",+142.1%,+544.1%,58,Ralph Breaks the Internet,"$18,340,440"
Nov 20,,Tuesday,324,"$22,600,225",+37.9%,+59%,55,Fantastic Beasts: The Crimes of Grindelwald,"$6,959,720"
Nov 19,,Monday,323,"$16,386,643",-64.2%,-28%,55,Fantastic Beasts: The Crimes of Grindelwald,"$5,074,414"
Nov 18,,Sunday,322,"$45,823,172",-28.5%,-1.3%,61,Fantastic Beasts: The Crimes of Grindelwald,"$15,368,019"
Nov 17,,Saturday,321,"$64,079,674",+23%,+2.1%,62,Fantastic Beasts: The Crimes of Grindelwald,"$21,321,824"
Nov 16,,Friday,320,"$52,088,352",+546.5%,+20%,61,Fantastic Beasts: The Crimes of Grindelwald,"$25,473,261"
Nov 15,,Thursday,319,"$8,057,483",-5.2%,+1.1%,63,The Grinch,"$2,523,805"
Nov 14,,Wednesday,318,"$8,497,130",-40.2%,-2.1%,64,The Grinch,"$2,661,885"
Nov 13,,Tuesday,317,"$14,215,303",-37.5%,-11.8%,63,The Grinch,"$4,952,140"
Nov 12,,Monday,316,"$22,745,739",-51%,+130.9%,61,The Grinch,"$10,665,595"
Nov 11,,Sunday,315,"$46,431,475",-26%,+35.1%,65,The Grinch,"$21,487,420"
Nov 10,,Saturday,314,"$62,756,436",+44.6%,+18.2%,62,The Grinch,"$27,444,270"
Nov 9,,Friday,313,"$43,392,632",+444.5%,+3.5%,62,The Grinch,"$18,641,165"
Nov 8,,Thursday,312,"$7,969,253",-8.1%,+33.4%,62,Bohemian Rhapsody,"$3,527,355"
Nov 7,,Wednesday,311,"$8,675,372",-46.2%,-21.3%,65,Bohemian Rhapsody,"$3,938,110"
Nov 6,,Tuesday,310,"$16,116,864",+63.6%,+50.8%,65,Bohemian Rhapsody,"$6,248,841"
Nov 5,,Monday,309,"$9,848,845",-71.3%,+35.8%,64,Bohemian Rhapsody,"$4,385,123"
Nov 4,,Sunday,308,"$34,370,134",-35.2%,+41.7%,67,Bohemian Rhapsody,"$13,379,805"
Nov 3,,Saturday,307,"$53,081,284",+26.6%,+35.3%,67,Bohemian Rhapsody,"$18,869,750"
Nov 2,,Friday,306,"$41,933,368",+601.8%,+52.5%,66,Bohemian Rhapsody,"$18,811,564"
Nov 1,,Thursday,305,"$5,975,432",-45.8%,-39.6%,68,Halloween,"$1,507,990"
Oct 31,Halloween,Wednesday,304,"$11,026,565",+3.2%,+13.7%,66,Halloween,"$5,547,305"
Oct 30,,Tuesday,303,"$10,685,276",+47.3%,-30.5%,67,Halloween,"$3,791,900"
Oct 29,,Monday,302,"$7,253,711",-70.1%,-32.9%,70,Halloween,"$2,471,040"
Oct 28,,Sunday,301,"$24,248,885",-38.2%,-36.3%,70,Halloween,"$7,934,815"
Oct 27,,Saturday,300,"$39,246,684",+42.7%,-36.5%,70,Halloween,"$13,588,795"
Oct 26,,Friday,299,"$27,496,524",+177.7%,-51%,68,Halloween,"$9,895,460"
Oct 25,,Thursday,298,"$9,899,853",+2.1%,+13.1%,61,Halloween,"$3,764,100"
Oct 24,,Wednesday,297,"$9,698,501",-36.9%,+5.9%,60,Halloween,"$3,679,080"
Oct 23,,Tuesday,296,"$15,376,609",+42.3%,+10.6%,59,Halloween,"$6,347,465"
Oct 22,,Monday,295,"$10,806,913",-71.6%,+3%,59,Halloween,"$4,644,210"
Oct 21,,Sunday,294,"$38,060,652",-38.4%,+10.6%,62,Halloween,"$16,057,290"
Oct 20,,Saturday,293,"$61,814,586",+10.1%,+15.2%,64,Halloween,"$27,081,225"
Oct 19,,Friday,292,"$56,148,117",+541.7%,+47.2%,61,Halloween,"$33,083,030"
Oct 18,,Thursday,291,"$8,750,173",-4.4%,-26.5%,64,A Star Is Born,"$2,674,744"
Oct 17,,Wednesday,290,"$9,154,256",-34.1%,-29.3%,65,A Star Is Born,"$2,928,489"
Oct 16,,Tuesday,289,"$13,896,718",+32.4%,-27.7%,63,A Star Is Born,"$3,934,191"
Oct 15,,Monday,288,"$10,492,447",-69.5%,-56.9%,63,A Star Is Born,"$2,933,257"
Oct 14,,Sunday,287,"$34,399,338",-35.9%,-28.3%,66,Venom,"$9,954,504"
Oct 13,,Saturday,286,"$53,659,930",+40.7%,-12.8%,65,Venom,"$15,275,974"
Oct 12,,Friday,285,"$38,131,210",+220.4%,-36.6%,64,Venom,"$9,775,629"
Oct 11,,Thursday,284,"$11,900,338",-8%,+142.5%,61,A Star Is Born,"$4,513,106"
Oct 10,,Wednesday,283,"$12,940,866",-32.6%,+131.2%,64,Venom,"$4,731,282"
Oct 9,,Tuesday,282,"$19,213,756",-21.1%,+88.2%,64,Venom,"$8,228,610"
Oct 8,Indig. Peoples' Day,Monday,281,"$24,366,989",-49.2%,+305.1%,69,Venom,"$9,631,343"
Oct 7,,Sunday,280,"$47,954,717",-22.1%,+97.7%,67,Venom,"$21,380,299"
Oct 6,,Saturday,279,"$61,523,744",+2.3%,+53.5%,67,Venom,"$26,371,927"
Oct 5,,Friday,278,"$60,151,242","+1,125.9%",+112.8%,66,Venom,"$32,503,530"
Oct 4,,Thursday,277,"$4,906,855",-12.3%,-9.2%,68,Night School,"$1,212,605"
Oct 3,,Wednesday,276,"$5,596,822",-45.2%,-9.5%,68,Night School,"$1,552,405"
Oct 2,,Tuesday,275,"$10,209,526",+69.7%,+6.8%,66,Night School,"$2,781,015"
Oct 1,,Monday,274,"$6,014,984",-75.2%,+9.7%,68,Night School,"$1,672,715"
Sep 30,,Sunday,273,"$24,254,408",-39.5%,+17.4%,67,Smallfoot,"$6,737,165"
Sep 29,,Saturday,272,"$40,091,310",+41.8%,+16.3%,71,Night School,"$11,268,050"
Sep 28,,Friday,271,"$28,267,163",+423.1%,+20.7%,69,Night School,"$9,520,825"
Sep 27,,Thursday,270,"$5,403,453",-12.6%,-13.9%,64,The House with a Clock in Its Walls,"$1,027,320"
Sep 26,,Wednesday,269,"$6,182,375",-35.3%,-14.6%,64,The House with a Clock in Its Walls,"$1,137,555"
Sep 25,,Tuesday,268,"$9,556,652",+74.3%,-17.5%,64,The House with a Clock in Its Walls,"$2,243,770"
Sep 24,,Monday,267,"$5,482,746",-73.5%,-27.3%,64,The House with a Clock in Its Walls,"$1,236,560"
Sep 23,,Sunday,266,"$20,654,487",-40.1%,-12.6%,62,The House with a Clock in Its Walls,"$7,336,830"
Sep 22,,Saturday,265,"$34,464,455",+47.1%,-7.5%,62,The House with a Clock in Its Walls,"$11,478,330"
Sep 21,,Friday,264,"$23,428,430",+273.5%,-29.8%,63,The House with a Clock in Its Walls,"$7,792,860"
Sep 20,,Thursday,263,"$6,272,634",-13.4%,+2.9%,68,A Simple Favor,"$1,245,247"
Sep 19,,Wednesday,262,"$7,241,879",-37.5%,+5.7%,68,The Predator,"$1,464,357"
Sep 18,,Tuesday,261,"$11,589,402",+53.6%,+1.5%,67,The Predator,"$2,502,227"
Sep 17,,Monday,260,"$7,544,738",-68.1%,-10.2%,65,The Predator,"$1,901,211"
Sep 16,,Sunday,259,"$23,642,393",-36.5%,-9.2%,70,The Predator,"$5,934,704"
Sep 15,,Saturday,258,"$37,255,832",+11.7%,-13.5%,73,The Predator,"$8,394,521"
Sep 14,,Friday,257,"$33,353,697",+447%,-10.5%,69,The Predator,"$10,303,059"
Sep 13,,Thursday,256,"$6,097,784",-11%,+45.5%,64,The Nun,"$2,207,557"
Sep 12,,Wednesday,255,"$6,854,153",-40%,+36.5%,63,The Nun,"$2,518,075"
Sep 11,,Tuesday,254,"$11,420,145",+35.9%,+53.1%,61,The Nun,"$4,818,789"
Sep 10,,Monday,253,"$8,402,915",-67.7%,-63.2%,60,The Nun,"$3,524,525"
Sep 9,,Sunday,252,"$26,024,276",-39.5%,-7.2%,64,The Nun,"$11,936,410"
Sep 8,,Saturday,251,"$43,047,200",+15.5%,+59.6%,64,The Nun,"$19,788,796"
Sep 7,,Friday,250,"$37,261,720",+789.3%,+96.8%,62,The Nun,"$22,082,173"
Sep 6,,Thursday,249,"$4,190,229",-16.5%,-47.1%,59,Crazy Rich Asians,"$1,381,881"
Sep 5,,Wednesday,248,"$5,020,082",-32.7%,-42.9%,59,Crazy Rich Asians,"$1,643,844"
Sep 4,,Tuesday,247,"$7,457,316",-67.3%,-40.1%,60,Crazy Rich Asians,"$2,292,830"
Sep 3,Labor Day,Monday,246,"$22,833,085",-18.6%,+176.9%,64,Crazy Rich Asians,"$6,611,877"
Sep 2,,Sunday,245,"$28,055,583",+4%,+13.5%,63,Crazy Rich Asians,"$8,231,075"
Sep 1,,Saturday,244,"$26,975,500",+42.5%,-23.8%,61,Crazy Rich Asians,"$7,896,679"
Aug 31,,Friday,243,"$18,931,709",+138.8%,-22.7%,61,Crazy Rich Asians,"$5,836,591"
Aug 30,,Thursday,242,"$7,927,356",-9.9%,-23.8%,54,Crazy Rich Asians,"$2,472,996"
Aug 29,,Wednesday,241,"$8,797,470",-29.4%,-28.3%,58,Crazy Rich Asians,"$2,667,019"
Aug 28,,Tuesday,240,"$12,453,461",+51%,-32.7%,57,Crazy Rich Asians,"$4,304,963"
Aug 27,,Monday,239,"$8,247,086",-66.6%,-33.6%,58,Crazy Rich Asians,"$2,665,261"
Aug 26,,Sunday,238,"$24,727,130",-30.2%,-26.1%,60,Crazy Rich Asians,"$7,441,656"
Aug 25,,Saturday,237,"$35,412,088",+44.6%,-20.4%,61,Crazy Rich Asians,"$10,346,442"
Aug 24,,Friday,236,"$24,495,949",+135.4%,-25.3%,59,Crazy Rich Asians,"$7,020,104"
Aug 23,,Thursday,235,"$10,407,753",-15.2%,-28.3%,53,Crazy Rich Asians,"$3,643,559"
Aug 22,,Wednesday,234,"$12,276,093",-33.7%,-25.3%,52,Crazy Rich Asians,"$3,733,627"
Aug 21,,Tuesday,233,"$18,512,685",+49.1%,-7.8%,53,Crazy Rich Asians,"$5,523,718"
Aug 20,,Monday,232,"$12,414,447",-62.9%,-17.1%,53,Crazy Rich Asians,"$3,631,134"
Aug 19,,Sunday,231,"$33,447,570",-24.8%,-6.8%,55,Crazy Rich Asians,"$8,958,015"
Aug 18,,Saturday,230,"$44,491,938",+35.7%,-10%,55,Crazy Rich Asians,"$10,284,759"
Aug 17,,Friday,229,"$32,778,649",+125.8%,-21.3%,53,Crazy Rich Asians,"$7,267,366"
Aug 16,,Thursday,228,"$14,514,929",-11.7%,+12.6%,49,Crazy Rich Asians,"$3,753,291"
Aug 15,,Wednesday,227,"$16,433,770",-18.2%,+11.3%,49,Crazy Rich Asians,"$5,013,478"
Aug 14,,Tuesday,226,"$20,084,281",+34.1%,-8.9%,48,The Meg,"$6,036,127"
Aug 13,,Monday,225,"$14,972,557",-58.3%,-7.4%,48,The Meg,"$4,552,992"
Aug 12,,Sunday,224,"$35,900,467",-27.4%,+5.3%,49,The Meg,"$12,520,931"
Aug 11,,Saturday,223,"$49,435,728",+18.7%,+6.2%,48,The Meg,"$16,277,249"
Aug 10,,Friday,222,"$41,642,358",+222.9%,+6.5%,48,The Meg,"$16,604,015"
Aug 9,,Thursday,221,"$12,895,346",-12.7%,-22.7%,47,Mission: Impossible - Fallout,"$3,348,171"
Aug 8,,Wednesday,220,"$14,768,762",-33%,-22.7%,47,Mission: Impossible - Fallout,"$3,681,670"
Aug 7,,Tuesday,219,"$22,043,773",+36.3%,-19%,47,Mission: Impossible - Fallout,"$5,665,373"
Aug 6,,Monday,218,"$16,177,531",-52.6%,-12.5%,48,Mission: Impossible - Fallout,"$4,460,884"
Aug 5,,Sunday,217,"$34,094,505",-26.7%,-17.8%,49,Mission: Impossible - Fallout,"$10,740,225"
Aug 4,,Saturday,216,"$46,541,085",+19%,-12.9%,48,Mission: Impossible - Fallout,"$14,731,942"
Aug 3,,Friday,215,"$39,104,031",+134.5%,-19.2%,48,Mission: Impossible - Fallout,"$9,851,648"
Aug 2,,Thursday,214,"$16,675,198",-12.7%,+1.5%,50,Mission: Impossible - Fallout,"$5,631,802"
Aug 1,,Wednesday,213,"$19,096,759",-29.8%,-8%,52,Mission: Impossible - Fallout,"$6,328,934"
Jul 31,,Tuesday,212,"$27,199,595",+47%,-8.1%,48,Mission: Impossible - Fallout,"$9,451,166"
Jul 30,,Monday,211,"$18,497,814",-55.4%,-11.4%,48,Mission: Impossible - Fallout,"$6,838,935"
Jul 29,,Sunday,210,"$41,500,778",-22.3%,-12.8%,50,Mission: Impossible - Fallout,"$17,011,158"
Jul 28,,Saturday,209,"$53,407,707",+10.3%,-7.5%,50,Mission: Impossible - Fallout,"$21,421,918"
Jul 27,,Friday,208,"$48,422,793",+194.6%,-6.9%,48,Mission: Impossible - Fallout,"$22,803,458"
Jul 26,,Thursday,207,"$16,435,851",-20.8%,+5.1%,49,Mamma Mia! Here We Go Again,"$3,958,180"
Jul 25,,Wednesday,206,"$20,747,967",-29.9%,+17%,48,Mamma Mia! Here We Go Again,"$4,865,225"
Jul 24,,Tuesday,205,"$29,587,241",+41.7%,+2.3%,51,Mamma Mia! Here We Go Again,"$6,742,430"
Jul 23,,Monday,204,"$20,880,859",-56.1%,+11.3%,53,Mamma Mia! Here We Go Again,"$4,906,510"
Jul 22,,Sunday,203,"$47,579,661",-17.6%,+7.1%,57,The Equalizer 2,"$9,925,907"
Jul 21,,Saturday,202,"$57,766,466",+11%,-1%,52,The Equalizer 2,"$12,709,883"
Jul 20,,Friday,201,"$52,030,831",+232.6%,+1.5%,53,Mamma Mia! Here We Go Again,"$14,286,815"
Jul 19,,Thursday,200,"$15,643,674",-11.8%,-2.8%,44,Hotel Transylvania 3: Summer Vacation,"$4,333,438"
Jul 18,,Wednesday,199,"$17,731,153",-38.7%,-2%,47,Hotel Transylvania 3: Summer Vacation,"$4,726,875"
Jul 17,,Tuesday,198,"$28,932,230",+54.2%,+3.7%,50,Hotel Transylvania 3: Summer Vacation,"$8,505,132"
Jul 16,,Monday,197,"$18,763,348",-57.8%,-4.9%,49,Hotel Transylvania 3: Summer Vacation,"$5,021,214"
Jul 15,World Cup (Russia),Sunday,196,"$44,435,573",-23.8%,+59.2%,54,Hotel Transylvania 3: Summer Vacation,"$11,927,927"
Jul 14,World Cup (Russia),Saturday,195,"$58,331,844",+13.8%,+195.6%,51,Hotel Transylvania 3: Summer Vacation,"$15,217,792"
Jul 13,World Cup (Russia),Friday,194,"$51,270,452",+218.5%,-23.6%,52,Hotel Transylvania 3: Summer Vacation,"$16,930,506"
Jul 12,World Cup (Russia),Thursday,193,"$16,097,891",-11%,-36.3%,46,Ant-Man and the Wasp,"$5,293,629"
Jul 11,World Cup (Russia),Wednesday,192,"$18,094,619",-35.2%,-55.5%,47,Ant-Man and the Wasp,"$5,852,591"
Jul 10,World Cup (Russia),Tuesday,191,"$27,909,644",+41.4%,-14.8%,49,Ant-Man and the Wasp,"$10,042,976"
Jul 9,World Cup (Russia),Monday,190,"$19,734,933",-58.7%,-19.7%,49,Ant-Man and the Wasp,"$6,983,824"
Jul 8,World Cup (Russia),Sunday,189,"$47,838,328",-22.7%,+46%,51,Ant-Man and the Wasp,"$18,531,751"
Jul 7,World Cup (Russia),Saturday,188,"$61,856,503",-7.8%,-2.3%,50,Ant-Man and the Wasp,"$23,555,372"
Jul 6,World Cup (Russia),Friday,187,"$67,105,419",+165.7%,+29.2%,50,Ant-Man and the Wasp,"$33,725,082"
Jul 5,World Cup (Russia),Thursday,186,"$25,257,863",-37.8%,-5.2%,55,Incredibles 2,"$7,171,034"
Jul 4,Independence DayWorld Cup (Russia),Wednesday,185,"$40,619,993",+30.5%,+13%,56,Jurassic World: Fallen Kingdom,"$11,501,395"
Jul 3,World Cup (Russia),Tuesday,184,"$32,755,697",+33.2%,-16.3%,54,Jurassic World: Fallen Kingdom,"$11,891,170"
Jul 2,World Cup (Russia),Monday,183,"$24,588,407",-53%,-19.6%,53,Jurassic World: Fallen Kingdom,"$8,580,225"
Jul 1,World Cup (Russia),Sunday,182,"$52,334,791",-17.3%,+33.8%,54,Jurassic World: Fallen Kingdom,"$19,706,880"
Jun 30,World Cup (Russia),Saturday,181,"$63,301,953",+21.9%,+107.1%,57,Jurassic World: Fallen Kingdom,"$23,831,155"
Jun 29,World Cup (Russia),Friday,180,"$51,944,737",+95%,-45.2%,56,Jurassic World: Fallen Kingdom,"$17,374,160"
Jun 28,World Cup (Russia),Thursday,179,"$26,632,384",-4.9%,+10.3%,43,Jurassic World: Fallen Kingdom,"$11,374,810"
Jun 27,World Cup (Russia),Wednesday,178,"$28,009,014",-28.4%,-70.4%,44,Jurassic World: Fallen Kingdom,"$12,271,855"
Jun 26,World Cup (Russia),Tuesday,177,"$39,122,111",+28%,+62%,47,Jurassic World: Fallen Kingdom,"$18,390,180"
Jun 25,World Cup (Russia),Monday,176,"$30,571,561",-60.1%,+619.1%,48,Jurassic World: Fallen Kingdom,"$14,725,880"
Jun 24,World Cup (Russia),Sunday,175,"$76,597,788",-21.9%,"+193,838.1%",50,Jurassic World: Fallen Kingdom,"$39,756,045"
Jun 23,World Cup (Russia),Saturday,174,"$98,045,334",+3.5%,+13%,48,Jurassic World: Fallen Kingdom,"$49,701,695"
Jun 22,World Cup (Russia),Friday,173,"$94,745,213",+292.3%,"+40,687.8%",49,Jurassic World: Fallen Kingdom,"$58,566,870"
Jun 21,World Cup (Russia),Thursday,172,"$24,150,660",+58.6%,"+1,733.1%",48,Incredibles 2,"$16,333,960"
Jun 20,World Cup (Russia),Wednesday,171,"$28,920,601",-26.7%,"+1,438%",48,Incredibles 2,"$19,737,194"
Jun 19,World Cup (Russia),Tuesday,170,"$39,476,232","+3,069%","+3,424.7%",47,Incredibles 2,"$27,059,923"
Jun 18,World Cup (Russia),Monday,169,"$33,350,580","+1,216.7%",+821%,49,Incredibles 2,"$23,627,708"
Jun 17,World Cup (Russia),Sunday,168,"$77,495,642","+5,598.2%",+139.8%,51,Incredibles 2,"$52,533,002"
Jun 16,World Cup (Russia),Saturday,167,"$86,731,622","+1,513.1%",+107.4%,49,Incredibles 2,"$58,894,582"
Jun 15,World Cup (Russia),Friday,166,"$94,453,688","+78,793.5%",+165.8%,50,Incredibles 2,"$71,260,321"
Jun 14,World Cup (Russia),Thursday,165,"$10,710,793","+220,513.7%",+16.6%,56,Ocean's Eight,"$3,282,468"
Jun 13,,Wednesday,164,"$13,295,879",-21.3%,+32.1%,57,Ocean's Eight,"$4,196,035"
Jun 12,,Tuesday,163,"$16,901,134",+31.1%,+12.9%,54,Ocean's Eight,"$6,157,129"
Jun 11,,Monday,162,"$12,895,774",-60.1%,+17.5%,56,Ocean's Eight,"$4,377,160"
Jun 10,,Sunday,161,"$32,313,223",-22.7%,+13.5%,57,Ocean's Eight,"$11,195,329"
Jun 9,,Saturday,160,"$41,817,853",+17.7%,+5.3%,55,Ocean's Eight,"$14,888,802"
Jun 8,,Friday,159,"$35,529,109",+286.8%,+23.2%,57,Ocean's Eight,"$15,523,247"
Jun 7,,Thursday,158,"$9,185,032",-8.7%,-29.6%,57,Solo: A Star Wars Story,"$2,465,595"
Jun 6,,Wednesday,157,"$10,061,331",-32.8%,-28.4%,55,Solo: A Star Wars Story,"$2,544,321"
Jun 5,,Tuesday,156,"$14,970,493",+36.4%,-22.6%,56,Solo: A Star Wars Story,"$3,987,363"
Jun 4,,Monday,155,"$10,973,333",-61.5%,-74.5%,57,Solo: A Star Wars Story,"$2,964,621"
Jun 3,,Sunday,154,"$28,481,684",-28.3%,-50.8%,57,Solo: A Star Wars Story,"$8,957,176"
Jun 2,,Saturday,153,"$39,722,894",+37.7%,-31.5%,56,Solo: A Star Wars Story,"$12,318,620"
Jun 1,,Friday,152,"$28,847,168",+121.1%,-51.4%,58,Solo: A Star Wars Story,"$8,121,086"
May 31,,Thursday,151,"$13,046,247",-7.2%,+1.5%,56,Solo: A Star Wars Story,"$4,424,227"
May 30,,Wednesday,150,"$14,061,774",-27.3%,-3.5%,56,Solo: A Star Wars Story,"$4,855,886"
May 29,,Tuesday,149,"$19,339,477",-55%,-11.9%,53,Solo: A Star Wars Story,"$7,295,767"
May 28,Memorial Day,Monday,148,"$42,991,006",+19.9%,-16.3%,103,Solo: A Star Wars Story,"$18,596,323"
May 27,,Sunday,147,"$57,854,343",-0.2%,+5.4%,60,Solo: A Star Wars Story,"$24,443,468"
May 26,,Saturday,146,"$57,978,530",-2.2%,-19.4%,61,Solo: A Star Wars Story,"$24,601,896"
May 25,,Friday,145,"$59,302,830",+361.6%,-19.6%,60,Solo: A Star Wars Story,"$35,375,125"
May 24,,Thursday,144,"$12,847,699",-11.8%,+81.5%,55,Deadpool 2,"$6,760,092"
May 23,,Wednesday,143,"$14,565,889",-33.7%,+66%,56,Deadpool 2,"$8,031,712"
May 22,,Tuesday,142,"$21,956,507",+12.7%,+70.5%,56,Deadpool 2,"$12,401,246"
May 21,,Monday,141,"$19,480,906",-64.5%,+102.7%,56,Deadpool 2,"$12,007,149"
May 20,,Sunday,140,"$54,866,952",-23.7%,+24.8%,56,Deadpool 2,"$31,997,867"
May 19,,Saturday,139,"$71,898,365",-2.5%,+43.3%,56,Deadpool 2,"$40,474,865"
May 18,,Friday,138,"$73,767,581",+942.1%,+125.3%,55,Deadpool 2,"$53,034,421"
May 17,,Thursday,137,"$7,078,729",-19.3%,-32.7%,59,Avengers: Infinity War,"$3,441,594"
May 16,,Wednesday,136,"$8,772,117",-31.9%,-19.4%,58,Avengers: Infinity War,"$4,193,985"
May 15,,Tuesday,135,"$12,878,077",+34%,-20%,57,Avengers: Infinity War,"$6,009,292"
May 14,,Monday,134,"$9,612,387",-78.1%,-20.6%,54,Avengers: Infinity War,"$4,625,938"
May 13,,Sunday,133,"$43,946,437",-12.4%,-11.7%,58,Avengers: Infinity War,"$19,152,498"
May 12,,Saturday,132,"$50,165,655",+53.2%,-21.7%,57,Avengers: Infinity War,"$26,938,937"
May 11,,Friday,131,"$32,737,187",+211.4%,-27.7%,56,Avengers: Infinity War,"$15,986,612"
May 10,,Thursday,130,"$10,511,219",-3.4%,-45.7%,55,Avengers: Infinity War,"$6,895,697"
May 9,,Wednesday,129,"$10,883,475",-32.4%,-47.5%,57,Avengers: Infinity War,"$7,051,981"
May 8,,Tuesday,128,"$16,093,185",+32.9%,-43.8%,56,Avengers: Infinity War,"$10,673,500"
May 7,,Monday,127,"$12,107,273",-75.7%,-57.6%,55,Avengers: Infinity War,"$8,283,575"
May 6,,Sunday,126,"$49,754,217",-22.3%,-39.2%,56,Avengers: Infinity War,"$36,644,356"
May 5,,Saturday,125,"$64,074,617",+41.5%,-37.1%,55,Avengers: Infinity War,"$46,676,705"
May 4,,Friday,124,"$45,292,399",+133.9%,-62.1%,56,Avengers: Infinity War,"$31,453,749"
May 3,,Thursday,123,"$19,367,210",-6.5%,+241.8%,52,Avengers: Infinity War,"$15,501,270"
May 2,,Wednesday,122,"$20,713,483",-27.7%,+183.5%,54,Avengers: Infinity War,"$16,966,862"
May 1,,Tuesday,121,"$28,639,093",+0.3%,+176.3%,54,Avengers: Infinity War,"$23,426,108"
Apr 30,,Monday,120,"$28,566,353",-65.1%,+277.8%,54,Avengers: Infinity War,"$24,740,117"
Apr 29,,Sunday,119,"$81,860,580",-19.7%,+205.6%,55,Avengers: Infinity War,"$69,231,632"
Apr 28,,Saturday,118,"$101,912,015",-14.7%,+131%,55,Avengers: Infinity War,"$82,131,612"
Apr 27,,Friday,117,"$119,504,737","+2,008.8%",+229.4%,55,Avengers: Infinity War,"$106,334,939"
Apr 26,,Thursday,116,"$5,666,996",-22.4%,-34.4%,52,A Quiet Place,"$1,247,159"
Apr 25,,Wednesday,115,"$7,307,096",-29.5%,-16.1%,53,A Quiet Place,"$1,450,352"
Apr 24,,Tuesday,114,"$10,363,526",+37.1%,-18.3%,53,A Quiet Place,"$2,042,162"
Apr 23,,Monday,113,"$7,560,858",-71.8%,-25.6%,54,A Quiet Place,"$1,513,108"
Apr 22,,Sunday,112,"$26,784,039",-39.3%,-26.1%,57,Rampage,"$6,009,640"
Apr 21,,Saturday,111,"$44,126,309",+21.6%,-16.6%,57,A Quiet Place,"$9,356,926"
Apr 20,,Friday,110,"$36,277,334",+320%,-14.9%,57,Super Troopers 2,"$7,945,555"
Apr 19,,Thursday,109,"$8,637,431",-0.8%,-4.9%,52,A Quiet Place,"$2,323,429"
Apr 18,,Wednesday,108,"$8,710,125",-31.3%,-11.4%,52,A Quiet Place,"$2,256,942"
Apr 17,,Tuesday,107,"$12,685,736",+24.9%,-12.2%,51,Rampage,"$3,406,845"
Apr 16,,Monday,106,"$10,160,409",-72%,-4.1%,52,A Quiet Place,"$2,635,801"
Apr 15,,Sunday,105,"$36,266,384",-31.5%,+0.8%,58,Rampage,"$10,325,183"
Apr 14,,Saturday,104,"$52,909,806",+24.2%,-9.5%,58,Rampage,"$13,884,589"
Apr 13,,Friday,103,"$42,616,059",+369.2%,-8.4%,56,Rampage,"$11,543,321"
Apr 12,,Thursday,102,"$9,083,539",-7.6%,-17.3%,56,A Quiet Place,"$3,632,142"
Apr 11,,Wednesday,101,"$9,827,421",-32%,-22.5%,55,A Quiet Place,"$3,664,805"
Apr 10,,Tuesday,100,"$14,445,959",+36.3%,-12.3%,52,A Quiet Place,"$5,364,754"
Apr 9,,Monday,99,"$10,596,039",-70.6%,-32.4%,50,A Quiet Place,"$4,170,622"
Apr 8,,Sunday,98,"$35,981,451",-38.5%,+20.7%,56,A Quiet Place,"$12,255,941"
Apr 7,,Saturday,97,"$58,479,714",+25.7%,+38.3%,54,A Quiet Place,"$19,086,510"
Apr 6,,Friday,96,"$46,517,966",+323.3%,+7.8%,53,A Quiet Place,"$18,861,111"
Apr 5,,Thursday,95,"$10,989,200",-13.3%,-52.5%,57,Ready Player One,"$3,513,838"
Apr 4,,Wednesday,94,"$12,678,112",-23%,+21.2%,58,Ready Player One,"$4,002,387"
Apr 3,,Tuesday,93,"$16,475,524",+5.2%,+8%,56,Ready Player One,"$5,392,511"
Apr 2,,Monday,92,"$15,668,166",-47.5%,+46.8%,56,Ready Player One,"$5,241,464"
Apr 1,Easter Sunday,Sunday,91,"$29,819,800",-16.6%,+21.5%,57,Ready Player One,"$11,158,819"
Mar 31,,Saturday,90,"$42,281,963",-2%,-5.5%,58,Ready Player One,"$15,601,179"
Mar 30,,Friday,89,"$43,148,753",+86.5%,+29.9%,58,Ready Player One,"$15,004,052"
Mar 29,,Thursday,88,"$23,135,312",+121.2%,+140.3%,55,Ready Player One,"$11,946,275"
Mar 28,,Wednesday,87,"$10,460,796",-31.4%,+8.2%,55,Black Panther,"$1,742,732"
Mar 27,,Tuesday,86,"$15,253,350",+42.9%,+10.5%,54,Pacific Rim: Uprising,"$2,945,105"
Mar 26,,Monday,85,"$10,675,452",-65.4%,+7.9%,54,Pacific Rim: Uprising,"$2,165,925"
Mar 25,,Sunday,84,"$30,841,994",-31.1%,-5.3%,56,Pacific Rim: Uprising,"$7,214,895"
Mar 24,,Saturday,83,"$44,760,594",+34.8%,-5.5%,56,Pacific Rim: Uprising,"$10,571,865"
Mar 23,,Friday,82,"$33,214,529",+245%,-14.6%,54,Pacific Rim: Uprising,"$10,329,775"
Mar 22,,Thursday,81,"$9,626,408",-0.5%,-7.9%,55,Black Panther,"$2,155,108"
Mar 21,,Wednesday,80,"$9,672,049",-29.9%,-15.9%,55,Black Panther,"$2,052,932"
Mar 20,,Tuesday,79,"$13,806,700",+39.5%,-12.8%,56,Black Panther,"$2,834,515"
Mar 19,,Monday,78,"$9,898,402",-69.6%,-16.1%,55,Black Panther,"$2,188,463"
Mar 18,,Sunday,77,"$32,558,002",-31.2%,-7.8%,57,Black Panther,"$7,609,433"
Mar 17,,Saturday,76,"$47,344,750",+21.7%,-11.3%,55,Black Panther,"$11,558,877"
Mar 16,,Friday,75,"$38,908,010",+272.2%,+11.9%,55,Tomb Raider,"$8,984,365"
Mar 15,,Thursday,74,"$10,454,648",-9%,+10.1%,57,Black Panther,"$3,632,414"
Mar 14,,Wednesday,73,"$11,494,054",-27.4%,+22%,55,Black Panther,"$3,843,374"
Mar 13,,Tuesday,72,"$15,836,301",+34.3%,+12.7%,54,Black Panther,"$5,167,907"
Mar 12,,Monday,71,"$11,792,732",-66.6%,+14.4%,58,Black Panther,"$4,035,653"
Mar 11,,Sunday,70,"$35,320,874",-33.8%,-7.3%,59,Black Panther,"$12,446,683"
Mar 10,,Saturday,69,"$53,350,586",+53.4%,-10.8%,58,Black Panther,"$18,352,112"
Mar 9,,Friday,68,"$34,777,853",+266.2%,-4.6%,57,A Wrinkle in Time,"$10,208,602"
Mar 8,,Thursday,67,"$9,497,502",+0.8%,-15.8%,61,Black Panther,"$4,251,525"
Mar 7,,Wednesday,66,"$9,418,815",-33%,-20.5%,57,Black Panther,"$3,941,783"
Mar 6,,Tuesday,65,"$14,048,468",+36.3%,-16.4%,56,Black Panther,"$6,258,583"
Mar 5,,Monday,64,"$10,307,562",-72.9%,-18.8%,58,Black Panther,"$4,720,738"
Mar 4,,Sunday,63,"$38,100,274",-36.3%,-28.8%,59,Black Panther,"$19,996,734"
Mar 3,,Saturday,62,"$59,784,318",+64%,-21.3%,63,Black Panther,"$30,052,665"
Mar 2,,Friday,61,"$36,454,889",+223.4%,-24.2%,61,Black Panther,"$16,257,536"
Mar 1,,Thursday,60,"$11,273,924",-4.8%,-40.8%,61,Black Panther,"$6,607,691"
Feb 28,,Wednesday,59,"$11,843,453",-29.6%,-39.1%,60,Black Panther,"$6,876,570"
Feb 27,,Tuesday,58,"$16,812,261",+32.5%,-39.4%,58,Black Panther,"$10,204,038"
Feb 26,,Monday,57,"$12,691,820",-76.3%,-77.2%,55,Black Panther,"$8,098,481"
Feb 25,PyeongChang Olympics,Sunday,56,"$53,547,584",-29.5%,+92.9%,63,Black Panther,"$35,315,480"
Feb 24,PyeongChang Olympics,Saturday,55,"$75,931,259",+57.8%,-18.4%,63,Black Panther,"$47,553,478"
Feb 23,PyeongChang Olympics,Friday,54,"$48,123,367",+120.4%,-48.6%,63,Black Panther,"$28,789,877"
Feb 22,PyeongChang Olympics,Thursday,53,"$19,034,170",-2.2%,+149.2%,55,Black Panther,"$14,253,324"
Feb 21,PyeongChang Olympics,Wednesday,52,"$19,456,030",-29.9%,-7.3%,54,Black Panther,"$14,688,057"
Feb 20,PyeongChang Olympics,Tuesday,51,"$27,755,054",-50.1%,-92.9%,52,Black Panther,"$20,857,361"
Feb 19,Presidents' DayPyeongChang Olympics,Monday,50,"$55,644,035",+105.4%,+628.4%,83,Black Panther,"$40,151,729"
Feb 18,PyeongChang Olympics,Sunday,49,"$80,866,768",-13.1%,+285.5%,55,Black Panther,"$60,067,439"
Feb 17,PyeongChang Olympics,Saturday,48,"$93,032,364",-0.6%,+761.4%,54,Black Panther,"$65,995,366"
Feb 16,PyeongChang Olympics,Friday,47,"$93,625,853","+1,125.7%","+2,686.3%",56,Black Panther,"$75,941,146"
Feb 15,PyeongChang Olympics,Thursday,46,"$7,638,718",-63.6%,-0.2%,49,Fifty Shades Freed,"$3,145,585"
Feb 14,PyeongChang Olympics,Wednesday,45,"$20,977,810",+94.2%,"+1,514.5%",51,Fifty Shades Freed,"$10,768,020"
Feb 13,PyeongChang Olympics,Tuesday,44,"$10,800,092",+27.9%,+40.7%,49,Fifty Shades Freed,"$3,941,660"
Feb 12,PyeongChang Olympics,Monday,43,"$8,443,182","+43,334.2%",+53.2%,50,Fifty Shades Freed,"$2,775,995"
Feb 11,PyeongChang Olympics,Sunday,42,"$30,053,992",-35.8%,+151.4%,54,Peter Rabbit,"$8,062,715"
Feb 10,PyeongChang Olympics,Saturday,41,"$46,835,924",+26.8%,+38.5%,55,Fifty Shades Freed,"$12,635,555"
Feb 9,PyeongChang Olympics,Friday,40,"$36,944,332",+627%,+83.2%,55,Fifty Shades Freed,"$18,407,850"
Feb 8,,Thursday,39,"$5,081,520",-5.3%,-22.7%,47,Jumanji: Welcome to the Jungle,"$728,381"
Feb 7,,Wednesday,38,"$5,363,456",-30.1%,-21.9%,48,Jumanji: Welcome to the Jungle,"$755,162"
Feb 6,,Tuesday,37,"$7,674,118",+39.3%,-22.4%,46,Maze Runner: The Death Cure,"$1,027,145"
Feb 5,,Monday,36,"$5,510,566",-53.9%,-23.8%,47,Jumanji: Welcome to the Jungle,"$760,867"
Feb 4,,Sunday,35,"$11,953,036",-64.6%,-58.8%,48,Jumanji: Welcome to the Jungle,"$2,097,421"
Feb 3,,Saturday,34,"$33,813,198",+67.7%,-24%,48,Jumanji: Welcome to the Jungle,"$5,959,033"
Feb 2,,Friday,33,"$20,168,149",+206.7%,-30.6%,46,Winchester,"$3,622,125"
Feb 1,,Thursday,32,"$6,575,969",-4.3%,-13.6%,50,Maze Runner: The Death Cure,"$1,034,966"
Jan 31,,Wednesday,31,"$6,870,721",-30.5%,-12.2%,51,Maze Runner: The Death Cure,"$1,090,374"
Jan 30,,Tuesday,30,"$9,885,632",+36.7%,-10.3%,49,Maze Runner: The Death Cure,"$1,904,916"
Jan 29,,Monday,29,"$7,232,905",-75%,-7.5%,51,Maze Runner: The Death Cure,"$1,362,932"
Jan 28,,Sunday,28,"$28,978,087",-34.9%,+15.3%,49,Maze Runner: The Death Cure,"$6,078,761"
Jan 27,,Saturday,27,"$44,509,189",+53.1%,-6.8%,50,Maze Runner: The Death Cure,"$9,640,001"
Jan 26,,Friday,26,"$29,073,174",+281.9%,-7%,48,Maze Runner: The Death Cure,"$8,448,249"
Jan 25,,Thursday,25,"$7,612,674",-2.8%,-18.1%,50,The Post,"$1,141,807"
Jan 24,,Wednesday,24,"$7,828,388",-29%,-8.2%,48,The Post,"$1,201,328"
Jan 23,,Tuesday,23,"$11,025,234",+40.9%,-7.8%,48,12 Strong,"$1,786,596"
Jan 22,,Monday,22,"$7,822,169",-68.9%,-73.7%,49,Den of Thieves,"$1,304,937"
Jan 21,,Sunday,21,"$25,141,996",-47.4%,-41.1%,52,Jumanji: Welcome to the Jungle,"$5,166,968"
Jan 20,,Saturday,20,"$47,764,511",+52.8%,-9.3%,50,Jumanji: Welcome to the Jungle,"$9,482,066"
Jan 19,,Friday,19,"$31,269,671",+236.5%,-7.9%,50,12 Strong,"$5,672,828"
Jan 18,,Thursday,18,"$9,293,917",+8.9%,-1.9%,45,The Post,"$1,709,486"
Jan 17,,Wednesday,17,"$8,531,276",-28.7%,-16.6%,45,Jumanji: Welcome to the Jungle,"$1,641,850"
Jan 16,,Tuesday,16,"$11,957,311",-59.7%,-17.9%,45,Jumanji: Welcome to the Jungle,"$2,417,425"
Jan 15,MLK Day,Monday,15,"$29,690,466",+1%,+28.3%,68,Jumanji: Welcome to the Jungle,"$7,074,723"
Jan 14,,Sunday,14,"$42,682,101",-19%,+13.2%,47,Jumanji: Welcome to the Jungle,"$10,049,567"
Jan 13,,Saturday,13,"$52,689,160",+55.2%,-12.2%,47,Jumanji: Welcome to the Jungle,"$11,959,718"
Jan 12,,Friday,12,"$33,953,952",+258.6%,-26.9%,46,Jumanji: Welcome to the Jungle,"$6,092,687"
Jan 11,,Thursday,11,"$9,469,668",-7.4%,-51.4%,45,Jumanji: Welcome to the Jungle,"$2,130,580"
Jan 10,,Wednesday,10,"$10,230,138",-29.7%,-54.9%,44,Jumanji: Welcome to the Jungle,"$2,186,086"
Jan 9,,Tuesday,9,"$14,561,460",+34.1%,-55.8%,44,Jumanji: Welcome to the Jungle,"$3,544,150"
Jan 8,,Monday,8,"$10,858,592",-71.2%,-79.4%,44,Jumanji: Welcome to the Jungle,"$2,668,774"
Jan 7,,Sunday,7,"$37,708,478",-37.2%,-16.3%,45,Jumanji: Welcome to the Jungle,"$10,663,927"
Jan 6,,Saturday,6,"$60,035,249",+29.3%,-9%,46,Jumanji: Welcome to the Jungle,"$15,821,094"
Jan 5,,Friday,5,"$46,427,974",+138.2%,-25.5%,45,Insidious: The Last Key,"$12,723,575"
Jan 4,,Thursday,4,"$19,487,086",-14.1%,-66.1%,42,Jumanji: Welcome to the Jungle,"$6,021,914"
Jan 3,,Wednesday,3,"$22,682,618",-31.1%,-62.3%,42,Jumanji: Welcome to the Jungle,"$6,918,854"
Jan 2,,Tuesday,2,"$32,940,033",-37.6%,-53.5%,42,Jumanji: Welcome to the Jungle,"$10,206,952"
Jan 1,New Year's Day,Monday,1,"$52,749,737",-7.1%,-7.6%,62,Jumanji: Welcome to the Jungle,"$16,222,389"
