date,occasion,day_of_week,day_number,top_10_gross,top_10_gross_change_yesterday,top_10_gross_change_week,number_releases,movie_title,gross
Dec 31,New Year's Eve,Friday,365,"$41,714,306",-15.8%,+33.3%,48,True Grit,"$8,166,256"
Dec 30,,Thursday,364,"$43,057,257",+3.3%,+28.5%,48,Little Fockers,"$7,818,800"
Dec 29,,Wednesday,363,"$41,666,277",+0.2%,+34.1%,48,Little Fockers,"$7,712,225"
Dec 28,,Tuesday,362,"$41,577,972",-0.1%,+88.6%,47,Little Fockers,"$7,779,200"
Dec 27,,Monday,361,"$41,634,708",-14.6%,+114.9%,47,Little Fockers,"$8,415,680"
Dec 26,,Sunday,360,"$48,770,490",-7.2%,+38.4%,47,Little Fockers,"$11,315,225"
Dec 25,Christmas Day,Saturday,359,"$52,537,489",-36.4%,+13.6%,46,Little Fockers,"$14,568,320"
Dec 24,,Friday,358,"$23,584,111",-29.6%,-42.9%,48,Little Fockers,"$4,950,120"
Dec 23,,Thursday,357,"$33,496,724",+7.8%,+404.3%,48,Little Fockers,"$7,107,360"
Dec 22,,Wednesday,356,"$31,066,134",+40.9%,+391.4%,48,Little Fockers,"$7,142,775"
Dec 21,,Tuesday,355,"$22,042,324",+13.8%,+197.3%,44,Tron: Legacy,"$6,350,783"
Dec 20,,Monday,354,"$19,376,506",-45%,+201.1%,44,Tron: Legacy,"$6,075,208"
Dec 19,,Sunday,353,"$35,231,580",-27.3%,+66.9%,46,Tron: Legacy,"$11,480,261"
Dec 18,,Saturday,352,"$48,452,020",+17.3%,+39.6%,46,Tron: Legacy,"$15,036,169"
Dec 17,,Friday,351,"$41,309,926",+521.9%,+60.5%,46,Tron: Legacy,"$17,509,781"
Dec 16,,Thursday,350,"$6,642,074",+5.1%,+28.3%,47,The Chronicles of Narnia: The Voyage of the Dawn Treader,"$1,569,664"
Dec 15,,Wednesday,349,"$6,322,113",-14.7%,+22.2%,47,The Chronicles of Narnia: The Voyage of the Dawn Treader,"$1,422,976"
Dec 14,,Tuesday,348,"$7,414,875",+15.2%,+24.2%,46,The Chronicles of Narnia: The Voyage of the Dawn Treader,"$1,727,767"
Dec 13,,Monday,347,"$6,434,431",-69.5%,+31.5%,48,The Chronicles of Narnia: The Voyage of the Dawn Treader,"$1,638,099"
Dec 12,,Sunday,346,"$21,103,789",-39.2%,+3.8%,52,The Chronicles of Narnia: The Voyage of the Dawn Treader,"$6,033,501"
Dec 11,,Saturday,345,"$34,717,051",+34.9%,+4.6%,51,The Chronicles of Narnia: The Voyage of the Dawn Treader,"$9,716,366"
Dec 10,,Friday,344,"$25,740,117",+397.3%,+19.8%,51,The Chronicles of Narnia: The Voyage of the Dawn Treader,"$8,255,202"
Dec 9,,Thursday,343,"$5,175,989",<0.1%,-28.3%,48,Harry Potter and the Deathly Hallows: Part 1,"$1,122,066"
Dec 8,,Wednesday,342,"$5,174,698",-13.3%,-28.7%,48,Harry Potter and the Deathly Hallows: Part 1,"$1,129,638"
Dec 7,,Tuesday,341,"$5,969,860",+22%,-32%,48,Harry Potter and the Deathly Hallows: Part 1,"$1,279,219"
Dec 6,,Monday,340,"$4,894,353",-75.9%,-41.2%,48,Harry Potter and the Deathly Hallows: Part 1,"$1,138,366"
Dec 5,,Sunday,339,"$20,322,354",-38.8%,-40.9%,49,Tangled,"$6,514,983"
Dec 4,,Saturday,338,"$33,197,882",+54.5%,-49.2%,50,Tangled,"$9,947,510"
Dec 3,,Friday,337,"$21,484,505",+197.6%,-68.4%,50,Tangled,"$5,146,398"
Dec 2,,Thursday,336,"$7,219,788",-0.5%,-78.8%,47,Harry Potter and the Deathly Hallows: Part 1,"$1,891,483"
Dec 1,,Wednesday,335,"$7,253,961",-17.4%,-82%,47,Harry Potter and the Deathly Hallows: Part 1,"$1,935,386"
Nov 30,,Tuesday,334,"$8,783,244",+5.5%,-50.7%,47,Harry Potter and the Deathly Hallows: Part 1,"$2,278,481"
Nov 29,,Monday,333,"$8,321,717",-75.8%,-42.1%,47,Harry Potter and the Deathly Hallows: Part 1,"$2,339,162"
Nov 28,,Sunday,332,"$34,373,246",-47.4%,-14.8%,48,Tangled,"$10,665,154"
Nov 27,,Saturday,331,"$65,373,973",-4%,+0.4%,48,Harry Potter and the Deathly Hallows: Part 1,"$18,728,940"
Nov 26,,Friday,330,"$68,086,739",+100.3%,-13.8%,48,Harry Potter and the Deathly Hallows: Part 1,"$20,832,651"
Nov 25,Thanksgiving,Thursday,329,"$33,985,757",-14.2%,+10.2%,47,Harry Potter and the Deathly Hallows: Part 1,"$11,475,980"
Nov 24,,Wednesday,328,"$40,333,070",+126.6%,+563.9%,47,Harry Potter and the Deathly Hallows: Part 1,"$14,425,863"
Nov 23,,Tuesday,327,"$17,798,579",+23.8%,+131.8%,41,Harry Potter and the Deathly Hallows: Part 1,"$10,264,353"
Nov 22,,Monday,326,"$14,374,894",-64.4%,+123.5%,40,Harry Potter and the Deathly Hallows: Part 1,"$8,785,460"
Nov 21,,Sunday,325,"$40,340,324",-38.1%,+53.8%,42,Harry Potter and the Deathly Hallows: Part 1,"$25,106,568"
Nov 20,,Saturday,324,"$65,138,774",-17.6%,+41.3%,43,Harry Potter and the Deathly Hallows: Part 1,"$38,226,254"
Nov 19,,Friday,323,"$79,011,957","+1,311.7%",+122.8%,42,Harry Potter and the Deathly Hallows: Part 1,"$61,684,550"
Nov 18,,Thursday,322,"$5,597,027",-7.9%,-69.4%,44,Unstoppable,"$1,342,898"
Nov 17,,Wednesday,321,"$6,075,408",-20.9%,-37.6%,46,Unstoppable,"$1,445,752"
Nov 16,,Tuesday,320,"$7,676,775",+19.3%,-8.2%,46,Unstoppable,"$1,852,741"
Nov 15,,Monday,319,"$6,432,819",-75.5%,-18.3%,46,Unstoppable,"$1,532,066"
Nov 14,,Sunday,318,"$26,226,673",-43.1%,-22.3%,49,Megamind,"$8,115,053"
Nov 13,,Saturday,317,"$46,088,237",+30%,-22.6%,49,Megamind,"$13,196,912"
Nov 12,,Friday,316,"$35,464,373",+93.7%,-20.8%,48,Unstoppable,"$7,973,861"
Nov 11,,Thursday,315,"$18,307,634",+87.9%,+170.9%,46,Megamind,"$7,637,791"
Nov 10,,Wednesday,314,"$9,741,686",+16.5%,+55.2%,46,Due Date,"$2,577,178"
Nov 9,,Tuesday,313,"$8,360,297",+6.2%,-2.1%,44,Due Date,"$2,523,307"
Nov 8,,Monday,312,"$7,872,367",-76.7%,+1.8%,44,Due Date,"$2,319,273"
Nov 7,,Sunday,311,"$33,752,169",-43.3%,+67.5%,47,Megamind,"$12,938,964"
Nov 6,,Saturday,310,"$59,544,955",+33%,+81.5%,46,Megamind,"$20,547,472"
Nov 5,,Friday,309,"$44,779,596",+562.6%,+53.5%,47,Megamind,"$12,530,397"
Nov 4,,Thursday,308,"$6,757,896",+7.7%,-24.2%,43,Saw 3D,"$1,227,637"
Nov 3,,Wednesday,307,"$6,276,819",-26.5%,-12.7%,43,Saw 3D,"$1,265,605"
Nov 2,,Tuesday,306,"$8,540,391",+10.4%,+0.9%,43,Saw 3D,"$1,888,962"
Nov 1,,Monday,305,"$7,736,446",-61.6%,-5.7%,43,Saw 3D,"$1,988,381"
Oct 31,Halloween,Sunday,304,"$20,153,038",-25.1%,+23.6%,47,Saw 3D,"$5,681,091"
Oct 30,,Saturday,303,"$32,805,141",+12.4%,-27.6%,47,Saw 3D,"$7,873,032"
Oct 29,,Friday,302,"$29,178,035",+227.5%,-34.8%,47,Saw 3D,"$8,976,000"
Oct 28,,Thursday,301,"$8,909,676",+24%,+5.4%,44,Paranormal Activity 2,"$1,978,879"
Oct 27,,Wednesday,300,"$7,186,285",-15.1%,-14.3%,44,Paranormal Activity 2,"$1,865,776"
Oct 26,,Tuesday,299,"$8,462,054",+3.1%,-13.3%,44,Paranormal Activity 2,"$2,208,039"
Oct 25,,Monday,298,"$8,205,077",-69.8%,-13.3%,44,Paranormal Activity 2,"$2,426,747"
Oct 24,,Sunday,297,"$27,146,798",-40.1%,-2.6%,50,Paranormal Activity 2,"$7,528,877"
Oct 23,,Saturday,296,"$45,314,483",+1.3%,-0.9%,50,Paranormal Activity 2,"$13,040,274"
Oct 22,,Friday,295,"$44,744,621",+429.3%,+3%,50,Paranormal Activity 2,"$20,109,273"
Oct 21,,Thursday,294,"$8,454,064",+0.8%,+37%,51,Jackass 3D,"$3,288,325"
Oct 20,,Wednesday,293,"$8,389,661",-14%,+44.8%,51,Jackass 3D,"$3,402,906"
Oct 19,,Tuesday,292,"$9,757,595",+3.1%,+47.3%,51,Jackass 3D,"$4,053,927"
Oct 18,,Monday,291,"$9,465,238",-66%,-10.7%,51,Jackass 3D,"$4,448,427"
Oct 17,,Sunday,290,"$27,878,432",-39.1%,+33.3%,56,Jackass 3D,"$11,583,954"
Oct 16,,Saturday,289,"$45,745,490",+5.3%,+45.9%,56,Jackass 3D,"$16,725,083"
Oct 15,,Friday,288,"$43,454,991",+604%,+76.4%,56,Jackass 3D,"$22,044,604"
Oct 14,,Thursday,287,"$6,172,463",+6.5%,+4%,48,The Social Network,"$1,300,675"
Oct 13,,Wednesday,286,"$5,794,156",-12.5%,-4.6%,48,The Social Network,"$1,231,517"
Oct 12,,Tuesday,285,"$6,623,667",-37.5%,-8.8%,48,The Social Network,"$1,377,528"
Oct 11,Indig. Peoples' Day,Monday,284,"$10,594,121",-20.8%,-13.8%,48,The Social Network,"$2,188,088"
Oct 10,,Sunday,283,"$20,911,557",-33.3%,+2.4%,52,The Social Network,"$4,323,262"
Oct 9,,Saturday,282,"$31,363,356",+27.3%,-12.1%,52,The Social Network,"$6,332,837"
Oct 8,,Friday,281,"$24,628,964",+315%,-7.4%,52,Life as We Know It,"$5,227,215"
Oct 7,,Thursday,280,"$5,935,260",-2.3%,-1.4%,48,The Social Network,"$1,825,607"
Oct 6,,Wednesday,279,"$6,073,455",-16.4%,+0.6%,48,The Social Network,"$1,902,659"
Oct 5,,Tuesday,278,"$7,266,059",+14.5%,-2%,48,The Social Network,"$2,338,615"
Oct 4,,Monday,277,"$6,347,175",-68.9%,-4%,48,The Social Network,"$2,056,636"
Oct 3,,Sunday,276,"$20,421,366",-42.8%,-10.2%,50,The Social Network,"$5,569,315"
Oct 2,,Saturday,275,"$35,692,925",+34.1%,-5.9%,51,The Social Network,"$8,876,169"
Oct 1,,Friday,274,"$26,609,222",+342.3%,-5.8%,51,The Social Network,"$8,000,169"
Sep 30,,Thursday,273,"$6,016,701",-0.3%,+2.8%,49,Wall Street: Money Never Sleeps,"$1,493,291"
Sep 29,,Wednesday,272,"$6,035,107",-18.6%,+1.3%,49,Wall Street: Money Never Sleeps,"$1,586,625"
Sep 28,,Tuesday,271,"$7,410,618",+12.1%,+4.9%,50,Wall Street: Money Never Sleeps,"$1,976,580"
Sep 27,,Monday,270,"$6,612,633",-70.9%,+6.1%,50,Wall Street: Money Never Sleeps,"$1,708,167"
Sep 26,,Sunday,269,"$22,734,276",-40%,+10.2%,54,Legend of the Guardians: The Owls of Ga'Hoole,"$4,701,201"
Sep 25,,Saturday,268,"$37,916,469",+34.2%,+8.3%,54,Wall Street: Money Never Sleeps,"$7,631,976"
Sep 24,,Friday,267,"$28,251,165",+382.6%,-1.6%,53,Wall Street: Money Never Sleeps,"$6,913,160"
Sep 23,,Thursday,266,"$5,853,668",-1.8%,+27.4%,48,The Town,"$2,106,294"
Sep 22,,Wednesday,265,"$5,958,463",-15.7%,+34.4%,48,The Town,"$2,269,311"
Sep 21,,Tuesday,264,"$7,064,403",+13.3%,+27.3%,48,The Town,"$2,615,090"
Sep 20,,Monday,263,"$6,234,139",-69.8%,+30.3%,48,The Town,"$2,288,174"
Sep 19,,Sunday,262,"$20,631,931",-41.1%,+41.8%,53,The Town,"$6,036,163"
Sep 18,,Saturday,261,"$35,004,013",+22%,+37.2%,53,The Town,"$9,423,433"
Sep 17,,Friday,260,"$28,698,540",+524.5%,+32.5%,53,The Town,"$8,348,436"
Sep 16,,Thursday,259,"$4,595,515",+3.6%,-1.1%,46,Resident Evil: Afterlife,"$1,570,080"
Sep 15,,Wednesday,258,"$4,434,288",-20.1%,-11.4%,45,Resident Evil: Afterlife,"$1,563,125"
Sep 14,,Tuesday,257,"$5,549,024",+16%,-4.8%,44,Resident Evil: Afterlife,"$2,061,661"
Sep 13,,Monday,256,"$4,784,220",-67.1%,-74.7%,44,Resident Evil: Afterlife,"$2,046,236"
Sep 12,,Sunday,255,"$14,547,610",-43%,-43.2%,47,Resident Evil: Afterlife,"$6,101,648"
Sep 11,,Saturday,254,"$25,508,408",+17.8%,-6.4%,47,Resident Evil: Afterlife,"$9,809,654"
Sep 10,,Friday,253,"$21,651,584",+366.1%,<0.1%,47,Resident Evil: Afterlife,"$10,738,962"
Sep 9,,Thursday,252,"$4,645,555",-7.2%,-37.2%,46,The American,"$723,554"
Sep 8,,Wednesday,251,"$5,004,274",-14.2%,-36.1%,46,The American,"$834,188"
Sep 7,,Tuesday,250,"$5,830,095",-69.1%,-32.6%,46,The American,"$1,073,258"
Sep 6,Labor Day,Monday,249,"$18,896,216",-4.9%,-16.5%,49,The American,"$3,484,543"
Sep 5,,Sunday,248,"$25,611,273",-6.1%,+16.1%,49,The American,"$4,491,927"
Sep 4,,Saturday,247,"$27,263,317",+26%,-20.7%,49,The American,"$4,841,737"
Sep 3,,Friday,246,"$21,637,990",+192.5%,-29.8%,49,Machete,"$3,866,357"
Sep 2,,Thursday,245,"$7,398,635",-5.6%,-13.9%,45,The American,"$1,469,422"
Sep 1,,Wednesday,244,"$7,834,838",-9.4%,-20.1%,45,The American,"$1,674,363"
Aug 31,,Tuesday,243,"$8,651,575",+11.7%,-30.7%,44,Takers,"$1,744,373"
Aug 30,,Monday,242,"$7,747,050",-64.9%,-33%,44,Takers,"$1,757,321"
Aug 29,,Sunday,241,"$22,063,793",-35.8%,-25.4%,46,Takers,"$5,286,462"
Aug 28,,Saturday,240,"$34,360,430",+11.4%,-13.5%,46,Takers,"$7,749,635"
Aug 27,,Friday,239,"$30,842,649",+258.9%,-6%,46,The Last Exorcism,"$9,406,821"
Aug 26,,Thursday,238,"$8,593,089",-12.4%,-42.2%,43,The Expendables,"$1,485,071"
Aug 25,,Wednesday,237,"$9,809,955",-21.5%,-45.3%,43,The Expendables,"$1,641,501"
Aug 24,,Tuesday,236,"$12,489,627",+8.1%,-27.9%,43,The Expendables,"$2,077,789"
Aug 23,,Monday,235,"$11,558,357",-60.9%,-31.3%,43,The Expendables,"$1,950,768"
Aug 22,,Sunday,234,"$29,560,307",-25.6%,-18.3%,44,The Expendables,"$5,357,721"
Aug 21,,Saturday,233,"$39,719,269",+21%,-15.2%,44,The Expendables,"$6,677,450"
Aug 20,,Friday,232,"$32,817,942",+120.8%,-26.7%,44,The Expendables,"$4,932,861"
Aug 19,,Thursday,231,"$14,866,038",-17.1%,+8%,44,The Expendables,"$2,727,301"
Aug 18,,Wednesday,230,"$17,937,702",+3.6%,+27%,44,Vampires Suck,"$4,016,858"
Aug 17,,Tuesday,229,"$17,321,952",+2.9%,-2.3%,43,The Expendables,"$3,866,939"
Aug 16,,Monday,228,"$16,830,612",-53.5%,+0.4%,43,The Expendables,"$3,940,611"
Aug 15,,Sunday,227,"$36,187,632",-22.7%,+7.6%,44,The Expendables,"$9,594,329"
Aug 14,,Saturday,226,"$46,816,954",+4.5%,+6.9%,45,The Expendables,"$11,899,925"
Aug 13,,Friday,225,"$44,800,082",+225.4%,+11%,45,The Expendables,"$13,330,881"
Aug 12,,Thursday,224,"$13,768,043",-2.5%,-17.6%,40,The Other Guys,"$3,484,037"
Aug 11,,Wednesday,223,"$14,124,143",-20.3%,-19.9%,40,The Other Guys,"$3,769,202"
Aug 10,,Tuesday,222,"$17,722,574",+5.7%,-11.8%,40,The Other Guys,"$4,767,588"
Aug 9,,Monday,221,"$16,764,565",-50.2%,-12.5%,40,The Other Guys,"$4,979,332"
Aug 8,,Sunday,220,"$33,631,223",-23.2%,-11.3%,43,The Other Guys,"$9,910,142"
Aug 7,,Saturday,219,"$43,794,287",+8.5%,-9.6%,43,The Other Guys,"$12,508,787"
Aug 6,,Friday,218,"$40,377,658",+141.6%,-4.9%,43,The Other Guys,"$13,124,233"
Aug 5,,Thursday,217,"$16,711,960",-5.2%,-11.2%,39,Inception,"$3,618,265"
Aug 4,,Wednesday,216,"$17,626,329",-12.2%,-7.8%,39,Inception,"$3,788,206"
Aug 3,,Tuesday,215,"$20,084,323",+4.8%,-6.1%,39,Inception,"$4,122,497"
Aug 2,,Monday,214,"$19,164,313",-49.5%,-3.1%,39,Inception,"$4,289,390"
Aug 1,,Sunday,213,"$37,923,107",-21.7%,-14.2%,42,Inception,"$8,579,308"
Jul 31,,Saturday,212,"$48,442,218",+14.1%,-16.6%,42,Inception,"$10,711,709"
Jul 30,,Friday,211,"$42,455,820",+125.6%,-12.4%,42,Dinner for Schmucks,"$8,395,042"
Jul 29,,Thursday,210,"$18,819,359",-1.5%,-16.6%,36,Inception,"$5,289,225"
Jul 28,,Wednesday,209,"$19,111,796",-10.7%,-15.6%,36,Inception,"$5,522,151"
Jul 27,,Tuesday,208,"$21,393,235",+8.2%,-17.3%,36,Inception,"$6,068,219"
Jul 26,,Monday,207,"$19,774,782",-55.3%,-21.8%,36,Inception,"$6,065,477"
Jul 25,,Sunday,206,"$44,192,441",-23.9%,-13.2%,38,Inception,"$13,128,421"
Jul 24,,Saturday,205,"$58,092,468",+19.8%,-8.6%,38,Inception,"$16,512,872"
Jul 23,,Friday,204,"$48,472,483",+114.8%,-11.4%,38,Inception,"$13,083,719"
Jul 22,,Thursday,203,"$22,568,619",-0.4%,+1.7%,43,Inception,"$8,563,251"
Jul 21,,Wednesday,202,"$22,654,015",-12.4%,-9.6%,43,Inception,"$8,859,322"
Jul 20,,Tuesday,201,"$25,855,342",+2.2%,+1.4%,43,Inception,"$9,765,137"
Jul 19,,Monday,200,"$25,297,988",-50.3%,+7.5%,42,Inception,"$10,185,365"
Jul 18,,Sunday,199,"$50,940,143",-19.9%,+8.3%,44,Inception,"$19,211,530"
Jul 17,,Saturday,198,"$63,576,086",+16.2%,-10.1%,45,Inception,"$21,791,608"
Jul 16,,Friday,197,"$54,690,545",+146.4%,-15.5%,44,Inception,"$21,782,199"
Jul 15,,Thursday,196,"$22,198,948",-11.4%,-8.8%,43,Despicable Me,"$6,397,125"
Jul 14,,Wednesday,195,"$25,062,590",-1.7%,-2.3%,43,Despicable Me,"$7,159,885"
Jul 13,,Tuesday,194,"$25,497,425",+8.3%,-15.1%,42,Despicable Me,"$8,151,220"
Jul 12,,Monday,193,"$23,537,691",-50%,-60.2%,42,Despicable Me,"$7,525,540"
Jul 11,World Cup (South Africa),Sunday,192,"$47,037,876",-33.5%,+9.2%,45,Despicable Me,"$14,215,865"
Jul 10,World Cup (South Africa),Saturday,191,"$70,718,184",+9.3%,+19.4%,46,Despicable Me,"$20,838,620"
Jul 9,World Cup (South Africa),Friday,190,"$64,686,330",+97.9%,-8.1%,46,Despicable Me,"$21,342,640"
Jul 8,World Cup (South Africa),Thursday,189,"$24,353,022",-5.1%,-58.2%,44,The Twilight Saga: Eclipse,"$7,931,087"
Jul 7,World Cup (South Africa),Wednesday,188,"$25,664,412",-14.6%,-70%,43,The Twilight Saga: Eclipse,"$8,781,208"
Jul 6,World Cup (South Africa),Tuesday,187,"$30,035,870",-49.3%,-90.6%,43,The Twilight Saga: Eclipse,"$10,567,862"
Jul 5,World Cup (South Africa),Monday,186,"$59,213,406",+37.4%,+1.6%,45,The Twilight Saga: Eclipse,"$18,805,051"
Jul 4,Independence DayWorld Cup (South Africa),Sunday,185,"$43,091,856",-34.4%,-49.6%,45,The Twilight Saga: Eclipse,"$13,258,246"
Jul 3,World Cup (South Africa),Saturday,184,"$65,651,612",-6.7%,+11.4%,45,The Twilight Saga: Eclipse,"$23,420,629"
Jul 2,World Cup (South Africa),Friday,183,"$70,391,225",+20.8%,+42.7%,44,The Twilight Saga: Eclipse,"$28,153,316"
Jul 1,World Cup (South Africa),Thursday,182,"$58,257,294",-31.9%,+134.7%,43,The Twilight Saga: Eclipse,"$24,211,138"
Jun 30,World Cup (South Africa),Wednesday,181,"$85,530,949",+290.8%,+73.4%,42,The Twilight Saga: Eclipse,"$68,533,840"
Jun 29,World Cup (South Africa),Tuesday,180,"$21,885,926",+2.3%,-11.8%,41,Toy Story 3,"$8,217,939"
Jun 28,World Cup (South Africa),Monday,179,"$21,402,127",-53.6%,-15.7%,40,Toy Story 3,"$8,921,924"
Jun 27,World Cup (South Africa),Sunday,178,"$46,126,856",-21.7%,+81.1%,44,Toy Story 3,"$18,796,535"
Jun 26,World Cup (South Africa),Saturday,177,"$58,934,883",+19.5%,+132.1%,44,Toy Story 3,"$22,590,491"
Jun 25,World Cup (South Africa),Friday,176,"$49,328,304",+98.7%,-24%,44,Toy Story 3,"$17,950,643"
Jun 24,World Cup (South Africa),Thursday,175,"$24,821,255",-1.6%,+93.5%,41,Toy Story 3,"$13,056,504"
Jun 23,World Cup (South Africa),Wednesday,174,"$25,223,694",-1%,-86.6%,41,Toy Story 3,"$13,458,691"
Jun 22,World Cup (South Africa),Tuesday,173,"$25,471,989",+0.3%,"+1,170.1%",41,Toy Story 3,"$15,123,212"
Jun 21,World Cup (South Africa),Monday,172,"$25,391,340",-55.4%,+42.8%,41,Toy Story 3,"$15,606,086"
Jun 20,World Cup (South Africa),Sunday,171,"$56,952,397",-13.7%,"+11,311.9%",45,Toy Story 3,"$32,067,098"
Jun 19,World Cup (South Africa),Saturday,170,"$66,028,913",+1.8%,+287.8%,45,Toy Story 3,"$37,091,130"
Jun 18,World Cup (South Africa),Friday,169,"$64,887,674","+171,338.3%","+170,837%",45,Toy Story 3,"$41,148,961"
Jun 17,World Cup (South Africa),Thursday,168,"$12,825,603",-16.9%,-6.4%,42,The Karate Kid,"$4,370,744"
Jun 16,World Cup (South Africa),Wednesday,167,"$15,438,675",+488.3%,+706.9%,41,The Karate Kid,"$5,221,521"
Jun 15,World Cup (South Africa),Tuesday,166,"$16,025,451",+69.6%,+14.3%,42,The Karate Kid,"$5,610,113"
Jun 14,World Cup (South Africa),Monday,165,"$17,025,044","+59,340.8%",+31.2%,42,The Karate Kid,"$6,385,761"
Jun 13,World Cup (South Africa),Sunday,164,"$39,099,154",-28%,+13.9%,46,The Karate Kid,"$15,784,685"
Jun 12,World Cup (South Africa),Saturday,163,"$54,340,922","+12,008.5%",+11.9%,46,The Karate Kid,"$21,064,842"
Jun 11,World Cup (South Africa),Friday,162,"$47,010,984",+266.5%,+24.7%,46,The Karate Kid,"$18,816,278"
Jun 10,,Thursday,161,"$12,826,757",-5.8%,+2.2%,46,Shrek Forever After,"$2,784,275"
Jun 9,,Wednesday,160,"$13,622,813",-2.8%,+7.9%,46,Shrek Forever After,"$2,865,148"
Jun 8,,Tuesday,159,"$14,021,322",+8%,-2.4%,46,Shrek Forever After,"$2,947,305"
Jun 7,,Monday,158,"$12,979,628",-62.2%,-66.4%,46,Get Him to the Greek,"$2,493,995"
Jun 6,,Sunday,157,"$34,317,031",-29.3%,-26.1%,48,Shrek Forever After,"$8,199,763"
Jun 5,,Saturday,156,"$48,562,486",+28.9%,-6.4%,48,Shrek Forever After,"$10,794,153"
Jun 4,,Friday,155,"$37,685,556",+200.2%,-17.1%,48,Shrek Forever After,"$6,492,549"
Jun 3,,Thursday,154,"$12,554,419",-0.6%,-47.7%,41,Shrek Forever After,"$3,610,068"
Jun 2,,Wednesday,153,"$12,624,874",-12.1%,+34.7%,40,Shrek Forever After,"$3,445,815"
Jun 1,,Tuesday,152,"$14,364,173",-62.8%,+36.3%,40,Shrek Forever After,"$3,876,320"
May 31,Memorial Day,Monday,151,"$38,585,500",-16.9%,+214.8%,42,Shrek Forever After,"$13,749,371"
May 30,,Sunday,150,"$46,456,053",-10.5%,+15.9%,42,Shrek Forever After,"$15,034,800"
May 29,,Saturday,149,"$51,882,339",+14.1%,-11.9%,42,Shrek Forever After,"$16,915,426"
May 28,,Friday,148,"$45,459,419",+89.5%,+7.1%,42,Sex and the City 2,"$12,926,288"
May 27,,Thursday,147,"$23,983,952",+155.8%,+181.6%,45,Sex and the City 2,"$14,208,097"
May 26,,Wednesday,146,"$9,374,608",-11%,+5.4%,44,Shrek Forever After,"$4,076,616"
May 25,,Tuesday,145,"$10,534,857",-14%,+2.2%,44,Shrek Forever After,"$4,688,230"
May 24,,Monday,144,"$12,256,833",-69.4%,+19.9%,43,Shrek Forever After,"$5,705,388"
May 23,,Sunday,143,"$40,094,496",-31.9%,+19.9%,45,Shrek Forever After,"$21,145,279"
May 22,,Saturday,142,"$58,904,486",+38.8%,+8.8%,45,Shrek Forever After,"$28,890,587"
May 21,,Friday,141,"$42,439,979",+398.2%,+1.8%,45,Shrek Forever After,"$20,802,341"
May 20,,Thursday,140,"$8,518,073",-4.2%,-7.6%,44,Iron Man 2,"$3,037,827"
May 19,,Wednesday,139,"$8,893,216",-13.7%,-10.6%,44,Iron Man 2,"$3,145,551"
May 18,,Tuesday,138,"$10,304,457",+0.8%,-11.6%,45,Iron Man 2,"$3,565,064"
May 17,,Monday,137,"$10,219,676",-69.4%,-16.5%,45,Iron Man 2,"$3,715,485"
May 16,,Sunday,136,"$33,427,478",-38.3%,-23.9%,46,Iron Man 2,"$14,277,492"
May 15,,Saturday,135,"$54,144,384",+29.8%,-12.2%,46,Iron Man 2,"$22,642,564"
May 14,,Friday,134,"$41,703,226",+352.4%,-33.1%,46,Iron Man 2,"$15,120,949"
May 13,,Thursday,133,"$9,217,865",-7.3%,+99.6%,43,Iron Man 2,"$6,338,848"
May 12,,Wednesday,132,"$9,947,114",-14.7%,+117%,43,Iron Man 2,"$6,951,326"
May 11,,Tuesday,131,"$11,659,091",-4.7%,+101.2%,42,Iron Man 2,"$8,380,235"
May 10,,Monday,130,"$12,235,538",-72.1%,+109.7%,42,Iron Man 2,"$9,366,982"
May 9,,Sunday,129,"$43,927,491",-28.8%,+103.7%,44,Iron Man 2,"$31,106,633"
May 8,,Saturday,128,"$61,673,522",-1.1%,+79%,44,Iron Man 2,"$45,776,170"
May 7,,Friday,127,"$62,338,864","+1,249.6%",+95.3%,44,Iron Man 2,"$51,239,677"
May 6,,Thursday,126,"$4,619,070",+0.8%,-19.4%,45,A Nightmare on Elm Street,"$1,278,021"
May 5,,Wednesday,125,"$4,583,958",-20.9%,-18.7%,44,A Nightmare on Elm Street,"$1,293,444"
May 4,,Tuesday,124,"$5,794,021",-0.7%,-11.1%,44,A Nightmare on Elm Street,"$1,809,362"
May 3,,Monday,123,"$5,836,116",-72.9%,-4%,44,A Nightmare on Elm Street,"$2,077,045"
May 2,,Sunday,122,"$21,569,809",-37.4%,-8.6%,45,A Nightmare on Elm Street,"$6,575,371"
May 1,,Saturday,121,"$34,454,167",+7.9%,-5.6%,45,A Nightmare on Elm Street,"$10,590,972"
Apr 30,,Friday,120,"$31,917,615",+456.6%,+24.1%,45,A Nightmare on Elm Street,"$15,735,956"
Apr 29,,Thursday,119,"$5,734,189",+1.7%,-36.1%,44,The Back-up Plan,"$805,907"
Apr 28,,Wednesday,118,"$5,637,085",-13.6%,-17.1%,44,The Back-up Plan,"$832,377"
Apr 27,,Tuesday,117,"$6,521,002",+7.3%,-14.3%,44,The Back-up Plan,"$1,023,876"
Apr 26,,Monday,116,"$6,077,652",-74.2%,-18%,44,How to Train Your Dragon,"$844,721"
Apr 25,,Sunday,115,"$23,599,011",-35.3%,-16.3%,46,How to Train Your Dragon,"$5,033,915"
Apr 24,,Saturday,114,"$36,483,098",+41.9%,-21.7%,46,How to Train Your Dragon,"$6,775,807"
Apr 23,,Friday,113,"$25,714,056",+186.7%,-23.1%,46,The Back-up Plan,"$4,257,676"
Apr 22,,Thursday,112,"$8,970,032",+31.9%,+32.1%,46,Oceans,"$2,466,530"
Apr 21,,Wednesday,111,"$6,801,950",-10.7%,+3.8%,44,Kick-Ass,"$1,297,845"
Apr 20,,Tuesday,110,"$7,613,186",+2.7%,-3.3%,45,Kick-Ass,"$1,488,805"
Apr 19,,Monday,109,"$7,415,121",-73.7%,-2.1%,45,Kick-Ass,"$1,559,975"
Apr 18,,Sunday,108,"$28,178,838",-39.5%,-4.8%,46,How to Train Your Dragon,"$6,117,787"
Apr 17,,Saturday,107,"$46,588,166",+39.3%,-6%,47,How to Train Your Dragon,"$9,111,273"
Apr 16,,Friday,106,"$33,452,100",+392.6%,-12.9%,47,Kick-Ass,"$7,656,935"
Apr 15,,Thursday,105,"$6,790,432",+3.7%,-53.5%,44,Clash of the Titans,"$1,612,487"
Apr 14,,Wednesday,104,"$6,550,175",-16.8%,-54%,44,Clash of the Titans,"$1,589,103"
Apr 13,,Tuesday,103,"$7,874,315",+4%,-52.4%,44,Clash of the Titans,"$1,894,413"
Apr 12,,Monday,102,"$7,573,029",-74.4%,-64.8%,44,Clash of the Titans,"$1,892,202"
Apr 11,,Sunday,101,"$29,592,510",-40.3%,-21.3%,46,Clash of the Titans,"$7,255,921"
Apr 10,,Saturday,100,"$49,552,649",+29%,-18.1%,46,Clash of the Titans,"$11,041,748"
Apr 9,,Friday,99,"$38,425,310",+163.2%,-43.6%,46,Date Night,"$9,170,065"
Apr 8,,Thursday,98,"$14,598,824",+2.4%,-23.6%,43,Clash of the Titans,"$4,066,177"
Apr 7,,Wednesday,97,"$14,254,435",-13.9%,-12.9%,43,Clash of the Titans,"$4,224,231"
Apr 6,,Tuesday,96,"$16,555,184",-23%,+33%,43,Clash of the Titans,"$5,019,401"
Apr 5,,Monday,95,"$21,490,800",-42.8%,+74.4%,43,Clash of the Titans,"$6,393,396"
Apr 4,Easter Sunday,Sunday,94,"$37,598,284",+54.7%,+99.8%,44,Clash of the Titans,"$13,812,670"
Apr 3,,Saturday,93,"$60,489,568",-11.2%,+32.1%,44,Clash of the Titans,"$21,361,412"
Apr 2,,Friday,92,"$68,132,667",+256.7%,+102.7%,44,Clash of the Titans,"$26,061,023"
Apr 1,,Thursday,91,"$19,100,129",+16.6%,+144.3%,43,How to Train Your Dragon,"$5,242,114"
Mar 31,,Wednesday,90,"$16,374,545",+31.5%,+125.7%,42,The Last Song,"$5,125,103"
Mar 30,,Tuesday,89,"$12,449,694",+1%,+47.4%,41,How to Train Your Dragon,"$4,803,028"
Mar 29,,Monday,88,"$12,322,465",-63.4%,+48.3%,41,How to Train Your Dragon,"$4,814,037"
Mar 28,,Sunday,87,"$33,641,557",-26.6%,+12.9%,43,How to Train Your Dragon,"$14,101,190"
Mar 27,,Saturday,86,"$45,802,914",+36.3%,+0.7%,43,How to Train Your Dragon,"$17,519,363"
Mar 26,,Friday,85,"$33,605,720",+329.9%,-5.4%,43,How to Train Your Dragon,"$12,111,766"
Mar 25,,Thursday,84,"$7,816,947",+7.7%,-28%,42,Alice in Wonderland,"$2,574,066"
Mar 24,,Wednesday,83,"$7,256,145",-14.1%,"+4,371,071.7%",42,Alice in Wonderland,"$2,376,121"
Mar 23,,Tuesday,82,"$8,445,454",+1.6%,-33.4%,42,Alice in Wonderland,"$2,682,915"
Mar 22,,Monday,81,"$8,309,771",-72.1%,-33.1%,42,Alice in Wonderland,"$2,760,338"
Mar 21,,Sunday,80,"$29,790,952",-34.5%,-17.3%,46,Alice in Wonderland,"$9,928,104"
Mar 20,,Saturday,79,"$45,502,529",+28.2%,-15.6%,46,Alice in Wonderland,"$14,446,233"
Mar 19,,Friday,78,"$35,505,648",+227.2%,-10.5%,46,Alice in Wonderland,"$9,815,632"
Mar 18,,Thursday,77,"$10,851,966","+6,537,228.9%",-8.1%,41,Alice in Wonderland,"$5,123,133"
Mar 17,,Wednesday,76,"$9,826,141",-22.5%,-15%,41,Alice in Wonderland,"$4,716,921"
Mar 16,,Tuesday,75,"$12,671,481",+1.9%,-6.2%,41,Alice in Wonderland,"$6,010,072"
Mar 15,,Monday,74,"$12,430,189",-65.5%,"+8,342,308.7%",41,Alice in Wonderland,"$6,054,110"
Mar 14,,Sunday,73,"$36,024,566",-33.2%,-24.6%,44,Alice in Wonderland,"$18,535,803"
Mar 13,,Saturday,72,"$53,921,534",+35.9%,-26.5%,44,Alice in Wonderland,"$26,896,938"
Mar 12,,Friday,71,"$39,663,044",+236%,-35.4%,44,Alice in Wonderland,"$17,281,335"
Mar 11,,Thursday,70,"$11,806,126",+2.1%,+57.7%,41,Alice in Wonderland,"$6,766,997"
Mar 10,,Wednesday,69,"$11,566,576",-14.4%,+53.7%,40,Alice in Wonderland,"$6,772,798"
Mar 9,,Tuesday,68,"$13,511,984","+9,068,345.6%",+59.1%,40,Alice in Wonderland,"$7,976,108"
Mar 8,,Monday,67,"$14,277,209",-70.1%,"+14,871,992.7%",41,Alice in Wonderland,"$9,008,430"
Mar 7,,Sunday,66,"$47,770,444",-34.9%,+81.8%,44,Alice in Wonderland,"$31,086,988"
Mar 6,,Saturday,65,"$73,367,071",+19.5%,+56.2%,46,Alice in Wonderland,"$44,209,073"
Mar 5,,Friday,64,"$61,398,885",+719.9%,+98.3%,45,Alice in Wonderland,"$40,804,962"
Mar 4,,Thursday,63,"$7,488,669",-0.5%,+0.2%,41,Avatar,"$1,646,578"
Mar 3,,Wednesday,62,"$7,523,389",-11.4%,+3.2%,42,Shutter Island,"$1,651,191"
Mar 2,,Tuesday,61,"$8,493,197",+10.7%,+2%,42,Shutter Island,"$1,937,252"
Mar 1,,Monday,60,"$7,671,021",-70.8%,-7.6%,42,Shutter Island,"$1,774,857"
Feb 28,Vancouver Olympics,Sunday,59,"$26,270,279",-44.1%,+215.5%,45,Shutter Island,"$5,696,632"
Feb 27,Vancouver Olympics,Saturday,58,"$46,961,156",+51.6%,+465.9%,45,Shutter Island,"$10,323,195"
Feb 26,Vancouver Olympics,Friday,57,"$30,970,259",+118.8%,-14.1%,45,Shutter Island,"$6,645,378"
Feb 25,Vancouver Olympics,Thursday,56,"$7,472,348",+2.5%,-21.7%,42,Shutter Island,"$2,687,866"
Feb 24,Vancouver Olympics,Wednesday,55,"$7,292,701",-12.4%,-95.1%,42,Shutter Island,"$2,638,537"
Feb 23,Vancouver Olympics,Tuesday,54,"$8,327,612",+0.3%,-56.4%,42,Shutter Island,"$3,149,100"
Feb 22,Vancouver Olympics,Monday,53,"$8,298,802",-73.4%,"+7,903,521%",42,Shutter Island,"$3,338,123"
Feb 21,Vancouver Olympics,Sunday,52,"$31,224,598",-39%,-56.1%,45,Shutter Island,"$10,703,887"
Feb 20,Vancouver Olympics,Saturday,51,"$51,206,526",+42.1%,+67.8%,45,Shutter Island,"$16,300,327"
Feb 19,Vancouver Olympics,Friday,50,"$36,041,556",+277.4%,"+27,939,090.7%",44,Shutter Island,"$14,058,226"
Feb 18,Vancouver Olympics,Thursday,49,"$9,548,779",+0.5%,"+7,877.1%",39,Valentine's Day,"$2,214,273"
Feb 17,Vancouver Olympics,Wednesday,48,"$9,496,844",-15.4%,-32.5%,39,Valentine's Day,"$2,226,347"
Feb 16,Vancouver Olympics,Tuesday,47,"$11,222,198",-63.2%,-25.6%,39,Valentine's Day,"$2,686,154"
Feb 15,Presidents' DayVancouver Olympics,Monday,46,"$30,525,363",-57%,+273.9%,43,Percy Jackson & the Olympians: The Lightning Thief,"$7,425,567"
Feb 14,Vancouver Olympics,Sunday,45,"$71,046,284",+10.3%,"+81,662,295.4%",43,Valentine's Day,"$23,392,046"
Feb 13,Vancouver Olympics,Saturday,44,"$64,396,269","+49,919,488.4%",+44.3%,43,Valentine's Day,"$18,329,276"
Feb 12,Vancouver Olympics,Friday,43,"$47,613,213","+48,584,811.2%",+42.9%,42,Valentine's Day,"$14,539,385"
Feb 11,,Thursday,42,"$7,606,848",+17.1%,"+8,546,920.2%",40,Avatar,"$2,135,304"
Feb 10,,Wednesday,41,"$6,498,130",-15.5%,"+3,332,274.4%",40,Avatar,"$1,849,314"
Feb 9,,Tuesday,40,"$7,690,346","+9,494,154.3%","+11,831,201.5%",40,Avatar,"$2,025,264"
Feb 8,,Monday,39,"$8,163,760",-52%,+3.7%,40,Avatar,"$2,251,567"
Feb 7,,Sunday,38,"$16,991,138",-61.9%,-42.7%,41,Avatar,"$5,150,764"
Feb 6,,Saturday,37,"$44,630,244",+33.9%,-2.5%,42,Dear John,"$12,470,283"
Feb 5,,Friday,36,"$33,321,303",+360.8%,+16.7%,42,Dear John,"$13,764,704"
Feb 4,,Thursday,35,"$7,231,599",-1.2%,-11.3%,40,Avatar,"$2,703,975"
Feb 3,,Wednesday,34,"$7,321,652","+11,263,980%",-10.4%,40,Avatar,"$2,647,797"
Feb 2,,Tuesday,33,"$8,059,609","+100,745,012.5%",-11.8%,39,Avatar,"$2,688,514"
Feb 1,,Monday,32,"$7,874,429",-73.4%,-12.4%,39,Avatar,"$2,700,621"
Jan 31,,Sunday,31,"$29,656,157",-35.2%,+1.9%,42,Avatar,"$10,056,722"
Jan 30,,Saturday,30,"$45,771,827",+60.4%,-18.2%,42,Avatar,"$13,783,881"
Jan 29,,Friday,29,"$28,542,763",+250.2%,-18.8%,42,Avatar,"$7,439,426"
Jan 28,,Thursday,28,"$8,149,599",-0.3%,-21.7%,42,Avatar,"$3,155,062"
Jan 27,,Wednesday,27,"$8,172,461",-10.6%,-18%,41,Avatar,"$3,137,588"
Jan 26,,Tuesday,26,"$9,138,886",+1.7%,-21.5%,43,Avatar,"$3,198,046"
Jan 25,,Monday,25,"$8,985,815",-69.1%,-73.9%,43,Avatar,"$3,240,192"
Jan 24,,Sunday,24,"$29,102,618",-48%,-37.9%,45,Avatar,"$9,589,537"
Jan 23,,Saturday,23,"$55,970,441",+59.2%,-5.7%,45,Avatar,"$16,326,050"
Jan 22,,Friday,22,"$35,165,128",+237.8%,-17.7%,45,Avatar,"$9,028,494"
Jan 21,,Thursday,21,"$10,410,796",+4.4%,-5.9%,41,Avatar,"$3,945,213"
Jan 20,,Wednesday,20,"$9,971,957",-14.3%,-10%,40,Avatar,"$3,792,807"
Jan 19,,Tuesday,19,"$11,640,436",-66.2%,-5.5%,40,Avatar,"$4,190,947"
Jan 18,MLK Day,Monday,18,"$34,445,598",+13%,+71.9%,46,Avatar,"$11,615,834"
Jan 17,,Sunday,17,"$46,846,818",-21.1%,+16%,47,Avatar,"$15,137,240"
Jan 16,,Saturday,16,"$59,341,990",+38.8%,-4.9%,47,Avatar,"$17,254,108"
Jan 15,,Friday,15,"$42,747,229",+286.6%,+1.2%,47,The Book of Eli,"$11,672,970"
Jan 14,,Thursday,14,"$11,058,226",-0.2%,-15.4%,41,Avatar,"$4,698,802"
Jan 13,,Wednesday,13,"$11,076,563",-10.1%,-26.3%,41,Avatar,"$4,743,762"
Jan 12,,Tuesday,12,"$12,319,554",+6.2%,-26.1%,40,Avatar,"$5,066,734"
Jan 11,,Monday,11,"$11,604,656",-71.3%,-35.9%,40,Avatar,"$5,111,193"
Jan 10,,Sunday,10,"$40,398,831",-35.3%,-12.1%,45,Avatar,"$15,756,027"
Jan 9,,Saturday,9,"$62,425,170",+47.9%,-22.8%,44,Avatar,"$21,269,537"
Jan 8,,Friday,8,"$42,221,665",+223%,-45.5%,43,Avatar,"$13,280,653"
Jan 7,,Thursday,7,"$13,073,522",-13%,-73.6%,38,Avatar,"$6,094,445"
Jan 6,,Wednesday,6,"$15,020,863",-9.9%,-73.3%,39,Avatar,"$6,909,167"
Jan 5,,Tuesday,5,"$16,678,292",-7.8%,-70.8%,39,Avatar,"$7,327,233"
Jan 4,,Monday,4,"$18,093,502",-60.6%,-69%,39,Avatar,"$8,094,554"
Jan 3,,Sunday,3,"$45,964,712",-43.2%,-39.4%,44,Avatar,"$17,381,129"
Jan 2,,Saturday,2,"$80,864,532",+4.4%,-16.4%,46,Avatar,"$25,835,551"
Jan 1,New Year's Day,Friday,1,"$77,466,508",+56.4%,-6.2%,46,Avatar,"$25,274,008"
