date,occasion,day_of_week,day_number,top_10_gross,top_10_gross_change_yesterday,top_10_gross_change_week,number_releases,movie_title,gross
Dec 31,New Year's Eve,Tuesday,366,"$2,942,562",+17.2%,+131.3%,3,Jerry Maguire,"$2,879,210"
Dec 30,,Monday,365,"$2,510,444",-38.3%,+22.2%,3,Jerry Maguire,"$2,445,515"
Dec 29,,Sunday,364,"$4,066,153",-24.3%,-0.7%,3,Jerry Maguire,"$4,002,907"
Dec 28,,Saturday,363,"$5,368,682",+12.1%,+3.9%,3,Jerry Maguire,"$5,296,895"
Dec 27,,Friday,362,"$4,790,971",+30.2%,+23.9%,3,Jerry Maguire,"$4,724,309"
Dec 26,,Thursday,361,"$3,680,816",+15.9%,+151.7%,3,Jerry Maguire,"$3,611,724"
Dec 25,Christmas Day,Wednesday,360,"$3,176,071",+40.8%,+253.6%,3,Jerry Maguire,"$3,103,856"
Dec 24,,Tuesday,359,"$1,272,100",-38.1%,-22.7%,2,Jerry Maguire,"$1,271,595"
Dec 23,,Monday,358,"$2,053,888",-49.8%,+35.8%,2,Jerry Maguire,"$2,052,713"
Dec 22,,Sunday,357,"$4,094,936",-20.8%,-7.7%,2,Jerry Maguire,"$4,093,120"
Dec 21,,Saturday,356,"$5,169,565",+33.7%,-23.4%,2,Jerry Maguire,"$5,167,461"
Dec 20,,Friday,355,"$3,866,403",+164.4%,-34.9%,2,Jerry Maguire,"$3,865,079"
Dec 19,,Thursday,354,"$1,462,559",-0.5%,"+16,400%",2,Jerry Maguire,"$1,458,866"
Dec 18,,Wednesday,353,"$1,469,849",-10.7%,"+17,720.7%",2,Jerry Maguire,"$1,466,592"
Dec 17,,Tuesday,352,"$1,646,717",+8.9%,"+18,200.9%",2,Jerry Maguire,"$1,643,146"
Dec 16,,Monday,351,"$1,511,923",-65.9%,"+18,288.7%",2,Jerry Maguire,"$1,508,533"
Dec 15,,Sunday,350,"$4,437,469",-34.2%,"+19,990%",2,Jerry Maguire,"$4,427,639"
Dec 14,,Saturday,349,"$6,748,030",+13.7%,"+15,162.2%",2,Jerry Maguire,"$6,730,978"
Dec 13,,Friday,348,"$5,935,566","+66,862.6%","+23,445.4%",2,Jerry Maguire,"$5,925,679"
Dec 12,,Thursday,347,"$8,864",+7.5%,-42.1%,1,Independence Day,"$8,864"
Dec 11,,Wednesday,346,"$8,248",-8.3%,-50.4%,1,Independence Day,"$8,248"
Dec 10,,Tuesday,345,"$8,998",+9.4%,-52.2%,1,Independence Day,"$8,998"
Dec 9,,Monday,344,"$8,222",-62.8%,-57.3%,1,Independence Day,"$8,222"
Dec 8,,Sunday,343,"$22,088",-50%,-66.9%,1,Independence Day,"$22,088"
Dec 7,,Saturday,342,"$44,214",+75.4%,-62.2%,1,Independence Day,"$44,214"
Dec 6,,Friday,341,"$25,209",+64.7%,-77.4%,1,Independence Day,"$25,209"
Dec 5,,Thursday,340,"$15,308",-8%,-76.1%,1,Independence Day,"$15,308"
Dec 4,,Wednesday,339,"$16,641",-11.6%,-67.7%,1,Independence Day,"$16,641"
Dec 3,,Tuesday,338,"$18,828",-2.3%,-55.8%,1,Independence Day,"$18,828"
Dec 2,,Monday,337,"$19,264",-71.1%,-48.1%,1,Independence Day,"$19,264"
Dec 1,,Sunday,336,"$66,748",-42.9%,-34.5%,1,Independence Day,"$66,748"
Nov 30,,Saturday,335,"$116,919",+4.8%,-37.5%,1,Independence Day,"$116,919"
Nov 29,,Friday,334,"$111,615",+74.1%,-3.6%,1,Independence Day,"$111,615"
Nov 28,Thanksgiving,Thursday,333,"$64,102",+24.5%,+3.1%,1,Independence Day,"$64,102"
Nov 27,,Wednesday,332,"$51,480",+20.9%,-22.3%,1,Independence Day,"$51,480"
Nov 26,,Tuesday,331,"$42,592",+14.7%,-35.7%,1,Independence Day,"$42,592"
Nov 25,,Monday,330,"$37,148",-63.6%,-40.7%,1,Independence Day,"$37,148"
Nov 24,,Sunday,329,"$101,950",-45.5%,-52.9%,1,Independence Day,"$101,950"
Nov 23,,Saturday,328,"$187,182",+61.7%,-42.2%,1,Independence Day,"$187,182"
Nov 22,,Friday,327,"$115,761",+86.3%,-43.5%,1,Independence Day,"$115,761"
Nov 21,,Thursday,326,"$62,153",-6.1%,-17.8%,1,Independence Day,"$62,153"
Nov 20,,Wednesday,325,"$66,214",<0.1%,-11.1%,1,Independence Day,"$66,214"
Nov 19,,Tuesday,324,"$66,236",+5.6%,-14.8%,1,Independence Day,"$66,236"
Nov 18,,Monday,323,"$62,696",-71.1%,-55.4%,1,Independence Day,"$62,696"
Nov 17,,Sunday,322,"$216,590",-33.2%,-28.5%,1,Independence Day,"$216,590"
Nov 16,,Saturday,321,"$324,116",+58.3%,-20.4%,1,Independence Day,"$324,116"
Nov 15,,Friday,320,"$204,767",+170.7%,-23.7%,1,Independence Day,"$204,767"
Nov 14,,Thursday,319,"$75,653",+1.6%,-12.7%,1,Independence Day,"$75,653"
Nov 13,,Wednesday,318,"$74,493",-4.1%,-28.3%,1,Independence Day,"$74,493"
Nov 12,,Tuesday,317,"$77,708",-44.7%,-17.5%,1,Independence Day,"$77,708"
Nov 11,,Monday,316,"$140,487",-53.6%,+69.9%,1,Independence Day,"$140,487"
Nov 10,,Sunday,315,"$302,978",-25.5%,+4.8%,1,Independence Day,"$302,978"
Nov 9,,Saturday,314,"$406,946",+51.7%,-8.7%,1,Independence Day,"$406,946"
Nov 8,,Friday,313,"$268,290",+209.4%,+0.5%,1,Independence Day,"$268,290"
Nov 7,,Thursday,312,"$86,700",-16.5%,-24.7%,1,Independence Day,"$86,700"
Nov 6,,Wednesday,311,"$103,873",+10.3%,+15.8%,1,Independence Day,"$103,873"
Nov 5,,Tuesday,310,"$94,146",+13.8%,-2.2%,1,Independence Day,"$94,146"
Nov 4,,Monday,309,"$82,705",-71.4%,-13.4%,1,Independence Day,"$82,705"
Nov 3,,Sunday,308,"$289,021",-35.2%,-20.8%,1,Independence Day,"$289,021"
Nov 2,,Saturday,307,"$445,780",+67%,-11.5%,1,Independence Day,"$445,780"
Nov 1,,Friday,306,"$266,922",+131.8%,-23.5%,1,Independence Day,"$266,922"
Oct 31,Halloween,Thursday,305,"$115,176",+28.4%,-3.8%,1,Independence Day,"$115,176"
Oct 30,,Wednesday,304,"$89,734",-6.8%,-19.8%,1,Independence Day,"$89,734"
Oct 29,,Tuesday,303,"$96,269",+0.8%,-13.6%,1,Independence Day,"$96,269"
Oct 28,,Monday,302,"$95,466",-73.8%,-10.6%,1,Independence Day,"$95,466"
Oct 27,,Sunday,301,"$364,986",-27.5%,-3.4%,1,Independence Day,"$364,986"
Oct 26,,Saturday,300,"$503,609",+44.3%,-14.9%,1,Independence Day,"$503,609"
Oct 25,,Friday,299,"$348,909",+191.3%,-6.9%,1,Independence Day,"$348,909"
Oct 24,,Thursday,298,"$119,760",+7%,+28.2%,1,Independence Day,"$119,760"
Oct 23,,Wednesday,297,"$111,946",+0.4%,+21.1%,1,Independence Day,"$111,946"
Oct 22,,Tuesday,296,"$111,478",+4.4%,+4.9%,1,Independence Day,"$111,478"
Oct 21,,Monday,295,"$106,795",-71.7%,-25.4%,1,Independence Day,"$106,795"
Oct 20,,Sunday,294,"$377,778",-36.2%,-4.5%,1,Independence Day,"$377,778"
Oct 19,,Saturday,293,"$592,110",+58%,+9.7%,1,Independence Day,"$592,110"
Oct 18,,Friday,292,"$374,719",+301.2%,+3.7%,1,Independence Day,"$374,719"
Oct 17,,Thursday,291,"$93,392",+1%,-34.2%,1,Independence Day,"$93,392"
Oct 16,,Wednesday,290,"$92,452",-13%,-32.1%,1,Independence Day,"$92,452"
Oct 15,,Tuesday,289,"$106,253",-25.7%,-33.9%,1,Independence Day,"$106,253"
Oct 14,Indig. Peoples' Day,Monday,288,"$143,074",-63.8%,+7.1%,1,Independence Day,"$143,074"
Oct 13,,Sunday,287,"$395,697",-26.7%,-28.5%,1,Independence Day,"$395,697"
Oct 12,,Saturday,286,"$539,680",+49.4%,-38.3%,1,Independence Day,"$539,680"
Oct 11,,Friday,285,"$361,302",+154.6%,-34.9%,1,Independence Day,"$361,302"
Oct 10,,Thursday,284,"$141,930",+4.2%,-47.4%,2,Independence Day,"$104,387"
Oct 9,,Wednesday,283,"$136,189",-15.3%,-48.8%,2,Independence Day,"$95,344"
Oct 8,,Tuesday,282,"$160,790",+20.4%,-48%,2,Independence Day,"$109,111"
Oct 7,,Monday,281,"$133,566",-75.9%,-48.9%,2,Independence Day,"$97,474"
Oct 6,,Sunday,280,"$553,359",-36.7%,-45.2%,2,Independence Day,"$408,233"
Oct 5,,Saturday,279,"$874,738",+57.5%,-58.3%,2,Independence Day,"$650,652"
Oct 4,,Friday,278,"$555,306",+105.8%,-47%,2,Independence Day,"$422,016"
Oct 3,,Thursday,277,"$269,890",+1.4%,-11.4%,2,Independence Day,"$160,768"
Oct 2,,Wednesday,276,"$266,046",-14%,-14.3%,2,Independence Day,"$152,978"
Oct 1,,Tuesday,275,"$309,503",+18.5%,-21.2%,2,Independence Day,"$166,237"
Sep 30,,Monday,274,"$261,256",-74.1%,-26.6%,2,Independence Day,"$152,600"
Sep 29,,Sunday,273,"$1,010,097",-51.8%,-22.2%,2,Independence Day,"$553,780"
Sep 28,,Saturday,272,"$2,095,804",+100.2%,+3.9%,2,Independence Day,"$1,394,541"
Sep 27,,Friday,271,"$1,046,865",+243.9%,-11.6%,2,Independence Day,"$602,017"
Sep 26,,Thursday,270,"$304,450",-1.9%,-36.2%,2,Maximum Risk,"$194,897"
Sep 25,,Wednesday,269,"$310,409",-21%,-42.3%,2,Maximum Risk,"$201,405"
Sep 24,,Tuesday,268,"$392,886",+10.4%,-45.6%,2,Maximum Risk,"$273,046"
Sep 23,,Monday,267,"$355,786",-72.6%,-39%,2,Maximum Risk,"$232,473"
Sep 22,,Sunday,266,"$1,298,151",-35.7%,-35.5%,2,Maximum Risk,"$871,686"
Sep 21,,Saturday,265,"$2,017,597",+70.4%,-38.9%,2,Maximum Risk,"$1,252,066"
Sep 20,,Friday,264,"$1,184,159",+148.3%,-49.9%,2,Maximum Risk,"$784,404"
Sep 19,,Thursday,263,"$476,893",-11.4%,+154.6%,2,Maximum Risk,"$346,462"
Sep 18,,Wednesday,262,"$538,342",-25.4%,+188.7%,2,Maximum Risk,"$401,625"
Sep 17,,Tuesday,261,"$721,669",+23.7%,+242.6%,2,Maximum Risk,"$560,324"
Sep 16,,Monday,260,"$583,583",-71%,+231.7%,2,Maximum Risk,"$444,126"
Sep 15,,Sunday,259,"$2,011,425",-39.1%,+174.4%,2,Maximum Risk,"$1,500,867"
Sep 14,,Saturday,258,"$3,301,982",+39.7%,+142.6%,2,Maximum Risk,"$2,289,740"
Sep 13,,Friday,257,"$2,363,724","+1,161.7%",+213.5%,2,Maximum Risk,"$1,822,100"
Sep 12,,Thursday,256,"$187,342",+0.5%,-28.1%,1,Independence Day,"$187,342"
Sep 11,,Wednesday,255,"$186,490",-11.5%,-27.9%,1,Independence Day,"$186,490"
Sep 10,,Tuesday,254,"$210,661",+19.7%,-34.9%,1,Independence Day,"$210,661"
Sep 9,,Monday,253,"$175,936",-76%,-85%,1,Independence Day,"$175,936"
Sep 8,,Sunday,252,"$733,052",-46.1%,-53.8%,1,Independence Day,"$733,052"
Sep 7,,Saturday,251,"$1,361,240",+80.6%,-21.5%,1,Independence Day,"$1,361,240"
Sep 6,,Friday,250,"$753,912",+189.4%,-27.9%,1,Independence Day,"$753,912"
Sep 5,,Thursday,249,"$260,468",+0.8%,-40.9%,1,Independence Day,"$260,468"
Sep 4,,Wednesday,248,"$258,515",-20.2%,-45.4%,1,Independence Day,"$258,515"
Sep 3,,Tuesday,247,"$323,801",-72.3%,-42%,2,Independence Day,"$315,985"
Sep 2,Labor Day,Monday,246,"$1,170,304",-26.3%,+132.5%,1,Independence Day,"$1,170,304"
Sep 1,,Sunday,245,"$1,587,111",-8.5%,+22.7%,1,Independence Day,"$1,587,111"
Aug 31,,Saturday,244,"$1,733,783",+65.7%,-22%,1,Independence Day,"$1,733,783"
Aug 30,,Friday,243,"$1,046,040",+137.4%,-26.8%,1,Independence Day,"$1,046,040"
Aug 29,,Thursday,242,"$440,693",-7%,-36.7%,2,Independence Day,"$423,600"
Aug 28,,Wednesday,241,"$473,613",-15.2%,-34%,2,Independence Day,"$454,301"
Aug 27,,Tuesday,240,"$558,597",+11%,-33.7%,2,Independence Day,"$534,507"
Aug 26,,Monday,239,"$503,348",-61.1%,-32.6%,2,Independence Day,"$482,932"
Aug 25,,Sunday,238,"$1,293,719",-41.8%,-24.7%,2,Independence Day,"$1,230,542"
Aug 24,,Saturday,237,"$2,221,674",+55.5%,-15.5%,2,Independence Day,"$2,139,024"
Aug 23,,Friday,236,"$1,428,366",+105.3%,-19.7%,2,Independence Day,"$1,369,604"
Aug 22,,Thursday,235,"$695,791",-3.1%,-34.6%,2,Independence Day,"$643,963"
Aug 21,,Wednesday,234,"$718,128",-14.8%,-30.5%,2,Independence Day,"$667,190"
Aug 20,,Tuesday,233,"$842,778",+12.8%,-39.3%,2,Independence Day,"$791,149"
Aug 19,,Monday,232,"$747,062",-56.5%,-38.1%,2,Independence Day,"$699,422"
Aug 18,,Sunday,231,"$1,718,474",-34.6%,-34.5%,2,Independence Day,"$1,615,604"
Aug 17,,Saturday,230,"$2,629,005",+47.7%,-31.4%,2,Independence Day,"$2,503,355"
Aug 16,,Friday,229,"$1,779,587",+67.4%,-34.7%,2,Independence Day,"$1,692,022"
Aug 15,,Thursday,228,"$1,063,295",+2.9%,-43%,2,Independence Day,"$994,600"
Aug 14,,Wednesday,227,"$1,033,751",-25.6%,-40.6%,2,Independence Day,"$962,965"
Aug 13,,Tuesday,226,"$1,389,008",+15.1%,-26.9%,2,Independence Day,"$1,304,791"
Aug 12,,Monday,225,"$1,206,547",-54%,-31.6%,2,Independence Day,"$1,133,808"
Aug 11,,Sunday,224,"$2,623,552",-31.6%,-28.9%,2,Independence Day,"$2,446,856"
Aug 10,,Saturday,223,"$3,835,033",+40.7%,-29.4%,2,Independence Day,"$3,641,704"
Aug 9,,Friday,222,"$2,725,131",+46.1%,-25.2%,2,Independence Day,"$2,592,712"
Aug 8,,Thursday,221,"$1,865,209",+7.2%,-9.6%,3,Independence Day,"$1,610,311"
Aug 7,,Wednesday,220,"$1,740,114",-8.4%,-16.6%,3,Independence Day,"$1,486,469"
Aug 6,,Tuesday,219,"$1,900,027",+7.7%,-19.8%,3,Independence Day,"$1,601,060"
Aug 5,,Monday,218,"$1,764,081",-52.2%,-11.7%,3,Independence Day,"$1,503,426"
Aug 4,Atlanta Olympics,Sunday,217,"$3,688,591",-32.1%,-15.6%,3,Independence Day,"$3,160,370"
Aug 3,Atlanta Olympics,Saturday,216,"$5,435,657",+49.2%,-14.3%,3,Independence Day,"$4,695,103"
Aug 2,Atlanta Olympics,Friday,215,"$3,642,121",+76.5%,-16.8%,3,Independence Day,"$3,140,841"
Aug 1,Atlanta Olympics,Thursday,214,"$2,063,660",-1.1%,-24.4%,2,Independence Day,"$1,885,637"
Jul 31,Atlanta Olympics,Wednesday,213,"$2,087,103",-11.9%,-25%,2,Independence Day,"$1,900,462"
Jul 30,Atlanta Olympics,Tuesday,212,"$2,369,546",+18.7%,-33.2%,2,Independence Day,"$2,152,022"
Jul 29,Atlanta Olympics,Monday,211,"$1,996,744",-54.3%,-36.4%,2,Independence Day,"$1,824,793"
Jul 28,Atlanta Olympics,Sunday,210,"$4,370,695",-31.1%,-38.7%,2,Independence Day,"$4,033,785"
Jul 27,Atlanta Olympics,Saturday,209,"$6,340,891",+44.8%,-39.2%,2,Independence Day,"$5,777,054"
Jul 26,Atlanta Olympics,Friday,208,"$4,380,153",+60.5%,-39.9%,2,Independence Day,"$3,988,258"
Jul 25,Atlanta Olympics,Thursday,207,"$2,729,319",-1.9%,-41.2%,4,Independence Day,"$2,327,859"
Jul 24,Atlanta Olympics,Wednesday,206,"$2,782,344",-21.5%,-41.1%,4,Independence Day,"$2,368,087"
Jul 23,Atlanta Olympics,Tuesday,205,"$3,545,006",+12.9%,-37.7%,4,Independence Day,"$2,939,225"
Jul 22,Atlanta Olympics,Monday,204,"$3,139,679",-56%,-46.1%,4,Independence Day,"$2,676,256"
Jul 21,Atlanta Olympics,Sunday,203,"$7,134,405",-31.6%,-41.6%,4,Independence Day,"$6,155,866"
Jul 20,Atlanta Olympics,Saturday,202,"$10,424,904",+43.1%,-41.4%,4,Independence Day,"$8,871,485"
Jul 19,Atlanta Olympics,Friday,201,"$7,286,180",+56.9%,-40%,4,Independence Day,"$6,247,466"
Jul 18,,Thursday,200,"$4,644,596",-1.7%,-36%,4,Independence Day,"$3,890,610"
Jul 17,,Wednesday,199,"$4,725,092",-16.9%,-40.5%,4,Independence Day,"$3,950,452"
Jul 16,,Tuesday,198,"$5,688,436",-2.4%,-38.1%,4,Independence Day,"$4,646,457"
Jul 15,,Monday,197,"$5,828,236",-52.3%,-38%,4,Independence Day,"$4,929,317"
Jul 14,,Sunday,196,"$12,207,987",-31.4%,-29.3%,4,Independence Day,"$10,219,932"
Jul 13,,Saturday,195,"$17,804,235",+46.7%,-19.4%,4,Independence Day,"$14,720,144"
Jul 12,,Friday,194,"$12,139,893",+67.2%,-43%,4,Independence Day,"$10,302,633"
Jul 11,,Thursday,193,"$7,260,880",-8.5%,-63.5%,4,Independence Day,"$6,187,378"
Jul 10,,Wednesday,192,"$7,936,884",-13.7%,-60.1%,4,Independence Day,"$6,807,010"
Jul 9,,Tuesday,191,"$9,195,377",-2.1%,-33.7%,4,Independence Day,"$7,747,986"
Jul 8,,Monday,190,"$9,394,444",-45.6%,+286.5%,4,Independence Day,"$8,225,381"
Jul 7,,Sunday,189,"$17,271,948",-21.8%,+19.5%,4,Independence Day,"$14,575,413"
Jul 6,,Saturday,188,"$22,091,883",+3.7%,+21.9%,4,Independence Day,"$17,906,980"
Jul 5,,Friday,187,"$21,298,474",+7%,+58.1%,4,Independence Day,"$17,745,871"
Jul 4,Independence Day,Thursday,186,"$19,913,084",+0.2%,+484.8%,4,Independence Day,"$17,343,388"
Jul 3,,Wednesday,185,"$19,872,842",+43.2%,+490.5%,4,Independence Day,"$17,406,144"
Jul 2,,Tuesday,184,"$13,876,074",+470.9%,+236.9%,4,Independence Day,"$11,124,456"
Jul 1,,Monday,183,"$2,430,490",-83.2%,-38%,3,The Rock,"$1,230,324"
Jun 30,,Sunday,182,"$14,448,969",-20.2%,+65.3%,4,The Nutty Professor,"$8,079,300"
Jun 29,,Saturday,181,"$18,116,134",+34.5%,+38.3%,4,The Nutty Professor,"$9,411,750"
Jun 28,,Friday,180,"$13,471,223",+295.6%,+44.4%,4,The Nutty Professor,"$7,920,675"
Jun 27,,Thursday,179,"$3,405,004",+1.2%,-40.3%,3,The Rock,"$1,538,946"
Jun 26,,Wednesday,178,"$3,365,228",-18.3%,-44.7%,3,The Rock,"$1,511,503"
Jun 25,,Tuesday,177,"$4,119,300",+5.1%,-41.1%,3,The Rock,"$1,827,104"
Jun 24,,Monday,176,"$3,918,676",-55.2%,-41.7%,3,The Rock,"$1,732,346"
Jun 23,,Sunday,175,"$8,743,272",-33.2%,-31.8%,3,The Rock,"$4,104,318"
Jun 22,,Saturday,174,"$13,094,629",+40.4%,-33.4%,3,The Rock,"$6,115,315"
Jun 21,,Friday,173,"$9,326,372",+63.5%,-35.5%,3,The Rock,"$4,179,221"
Jun 20,,Thursday,172,"$5,704,748",-6.2%,+30.4%,3,The Rock,"$2,413,296"
Jun 19,,Wednesday,171,"$6,080,191",-13%,+53.5%,3,The Rock,"$2,503,285"
Jun 18,,Tuesday,170,"$6,990,243",+4%,+37.1%,3,The Cable Guy,"$2,904,427"
Jun 17,,Monday,169,"$6,721,013",-47.6%,+44%,3,The Cable Guy,"$3,071,398"
Jun 16,,Sunday,168,"$12,829,409",-34.7%,+15.1%,3,The Rock,"$5,447,593"
Jun 15,,Saturday,167,"$19,649,036",+36%,+16.5%,3,The Rock,"$8,096,254"
Jun 14,,Friday,166,"$14,450,294",+230.3%,+23.3%,3,The Cable Guy,"$7,148,260"
Jun 13,,Thursday,165,"$4,375,418",+10.5%,+86.8%,2,The Rock,"$3,008,796"
Jun 12,,Wednesday,164,"$3,960,392",-22.3%,+97.4%,2,The Rock,"$2,706,989"
Jun 11,,Tuesday,163,"$5,096,961",+9.2%,+103.7%,2,The Rock,"$3,494,902"
Jun 10,,Monday,162,"$4,667,718",-58.1%,+116.5%,2,The Rock,"$3,274,512"
Jun 9,,Sunday,161,"$11,148,476",-33.9%,+107.4%,2,The Rock,"$7,377,016"
Jun 8,,Saturday,160,"$16,866,953",+44%,+75.7%,2,The Rock,"$10,230,849"
Jun 7,,Friday,159,"$11,716,288",+400.2%,+76.1%,2,The Rock,"$7,461,660"
Jun 6,,Thursday,158,"$2,342,336",+16.7%,-23.7%,1,Mission: Impossible,"$2,342,336"
Jun 5,,Wednesday,157,"$2,006,393",-19.8%,-41.8%,1,Mission: Impossible,"$2,006,393"
Jun 4,,Tuesday,156,"$2,502,268",+16.1%,-39%,1,Mission: Impossible,"$2,502,268"
Jun 3,,Monday,155,"$2,156,092",-59.9%,-89.1%,1,Mission: Impossible,"$2,156,092"
Jun 2,,Sunday,154,"$5,376,137",-44%,-65.5%,1,Mission: Impossible,"$5,376,137"
Jun 1,,Saturday,153,"$9,601,563",+44.3%,-42.6%,1,Mission: Impossible,"$9,601,563"
May 31,,Friday,152,"$6,651,662",+116.8%,-49.4%,1,Mission: Impossible,"$6,651,662"
May 30,,Thursday,151,"$3,068,062",-11%,-51.6%,1,Mission: Impossible,"$3,068,062"
May 29,,Wednesday,150,"$3,447,222",-16%,-58.8%,1,Mission: Impossible,"$3,447,222"
May 28,,Tuesday,149,"$4,103,642",-79.2%,+20.7%,1,Mission: Impossible,"$4,103,642"
May 27,Memorial Day,Monday,148,"$19,696,048",+26.4%,+156.6%,2,Mission: Impossible,"$11,374,772"
May 26,,Sunday,147,"$15,579,807",-6.8%,-,1,Mission: Impossible,"$15,579,807"
May 25,,Saturday,146,"$16,714,655",+27.2%,-,1,Mission: Impossible,"$16,714,655"
May 24,,Friday,145,"$13,142,368",+107.4%,-,1,Mission: Impossible,"$13,142,368"
May 23,,Thursday,144,"$6,336,724",-24.2%,-,1,Mission: Impossible,"$6,336,724"
May 22,,Wednesday,143,"$8,358,094",+145.8%,-,1,Mission: Impossible,"$8,358,094"
May 21,,Tuesday,142,"$3,400,000",-,-,1,Mission: Impossible,"$3,400,000"
Mar 21,,Thursday,81,"$30,452",-5.9%,-60.8%,1,City Hall,"$30,452"
Mar 20,,Wednesday,80,"$32,351",+0.2%,-60.2%,1,City Hall,"$32,351"
Mar 19,,Tuesday,79,"$32,272",-0.3%,-65.9%,1,City Hall,"$32,272"
Mar 18,,Monday,78,"$32,376",-71.3%,-63.4%,1,City Hall,"$32,376"
Mar 17,,Sunday,77,"$112,959",-39.7%,-60.3%,1,City Hall,"$112,959"
Mar 16,,Saturday,76,"$187,188",+80.9%,-63.9%,1,City Hall,"$187,188"
Mar 15,,Friday,75,"$103,482",+33.2%,-60%,1,City Hall,"$103,482"
Mar 14,,Thursday,74,"$77,664",-4.6%,-51%,1,City Hall,"$77,664"
Mar 13,,Wednesday,73,"$81,385",-14.1%,-55.4%,1,City Hall,"$81,385"
Mar 12,,Tuesday,72,"$94,753",+7.2%,-52.8%,1,City Hall,"$94,753"
Mar 11,,Monday,71,"$88,429",-68.9%,-48.1%,1,City Hall,"$88,429"
Mar 10,,Sunday,70,"$284,217",-45.1%,-57.8%,1,City Hall,"$284,217"
Mar 9,,Saturday,69,"$517,944",+100.1%,-56.9%,1,City Hall,"$517,944"
Mar 8,,Friday,68,"$258,794",+63.2%,-59.1%,1,City Hall,"$258,794"
Mar 7,,Thursday,67,"$158,568",-13.2%,-47.2%,1,City Hall,"$158,568"
Mar 6,,Wednesday,66,"$182,594",-9%,-42.2%,1,City Hall,"$182,594"
Mar 5,,Tuesday,65,"$200,730",+17.7%,-43.2%,1,City Hall,"$200,730"
Mar 4,,Monday,64,"$170,488",-74.7%,-43%,1,City Hall,"$170,488"
Mar 3,,Sunday,63,"$673,783",-43.9%,-48.7%,1,City Hall,"$673,783"
Mar 2,,Saturday,62,"$1,200,688",+89.7%,-49.5%,1,City Hall,"$1,200,688"
Mar 1,,Friday,61,"$632,944",+110.7%,-49.8%,1,City Hall,"$632,944"
Feb 29,,Thursday,60,"$300,353",-5%,-44.3%,2,City Hall,"$271,619"
Feb 28,,Wednesday,59,"$316,176",-10.5%,-45.8%,2,City Hall,"$286,201"
Feb 27,,Tuesday,58,"$353,385",+18.1%,-46.9%,2,City Hall,"$322,497"
Feb 26,,Monday,57,"$299,310",-77.2%,-79.3%,2,City Hall,"$271,297"
Feb 25,,Sunday,56,"$1,314,205",-44.8%,-51.1%,2,City Hall,"$1,102,346"
Feb 24,,Saturday,55,"$2,379,383",+88.7%,-33.2%,2,City Hall,"$2,109,877"
Feb 23,,Friday,54,"$1,260,693",+133.7%,-30.6%,2,City Hall,"$1,152,717"
Feb 22,,Thursday,53,"$539,558",-7.5%,+744.9%,2,City Hall,"$431,030"
Feb 21,,Wednesday,52,"$583,272",-12.4%,+652.9%,2,City Hall,"$472,487"
Feb 20,,Tuesday,51,"$665,834",-54%,"+1,079.1%",2,City Hall,"$550,143"
Feb 19,Presidents' Day,Monday,50,"$1,446,128",-46.2%,"+1,447.7%",2,City Hall,"$1,061,648"
Feb 18,,Sunday,49,"$2,688,597",-24.6%,+665.7%,2,City Hall,"$2,203,422"
Feb 17,,Saturday,48,"$3,563,856",+96.2%,+710.8%,2,City Hall,"$3,064,759"
Feb 16,,Friday,47,"$1,816,870","+2,744.9%","+1,119.3%",2,City Hall,"$1,682,613"
Feb 15,,Thursday,46,"$63,864",-17.6%,-7.4%,1,Toy Story,"$63,864"
Feb 14,,Wednesday,45,"$77,465",+37.2%,+10.1%,1,Toy Story,"$77,465"
Feb 13,,Tuesday,44,"$56,471",-39.6%,-32.2%,1,Toy Story,"$56,471"
Feb 12,,Monday,43,"$93,439",-73.4%,+16.6%,1,Toy Story,"$93,439"
Feb 11,,Sunday,42,"$351,130",-20.1%,-38.8%,1,Toy Story,"$351,130"
Feb 10,,Saturday,41,"$439,525",+195%,-39.8%,1,Toy Story,"$439,525"
Feb 9,,Friday,40,"$149,011",+116.1%,-40.8%,1,Toy Story,"$149,011"
Feb 8,,Thursday,39,"$68,945",-2%,-37.5%,1,Toy Story,"$68,945"
Feb 7,,Wednesday,38,"$70,331",-15.6%,-38.9%,1,Toy Story,"$70,331"
Feb 6,,Tuesday,37,"$83,317",+3.9%,-38.9%,1,Toy Story,"$83,317"
Feb 5,,Monday,36,"$80,159",-86%,-38.6%,1,Toy Story,"$80,159"
Feb 4,,Sunday,35,"$573,646",-21.4%,+2.7%,1,Toy Story,"$573,646"
Feb 3,,Saturday,34,"$730,099",+190.2%,-45.6%,1,Toy Story,"$730,099"
Feb 2,,Friday,33,"$251,557",+127.9%,-47.3%,1,Toy Story,"$251,557"
Feb 1,,Thursday,32,"$110,368",-4.2%,-36.7%,1,Toy Story,"$110,368"
Jan 31,,Wednesday,31,"$115,158",-15.5%,-32.3%,1,Toy Story,"$115,158"
Jan 30,,Tuesday,30,"$136,319",+4.4%,-31.4%,1,Toy Story,"$136,319"
Jan 29,,Monday,29,"$130,618",-76.6%,-34%,1,Toy Story,"$130,618"
Jan 28,,Sunday,28,"$558,716",-58.4%,-55.2%,1,Toy Story,"$558,716"
Jan 27,,Saturday,27,"$1,342,715",+181.3%,-23.6%,1,Toy Story,"$1,342,715"
Jan 26,,Friday,26,"$477,379",+174%,-28.4%,1,Toy Story,"$477,379"
Jan 25,,Thursday,25,"$174,225",+2.5%,-26.5%,1,Toy Story,"$174,225"
Jan 24,,Wednesday,24,"$170,016",-14.4%,-32.3%,1,Toy Story,"$170,016"
Jan 23,,Tuesday,23,"$198,609",+0.3%,-39.9%,1,Toy Story,"$198,609"
Jan 22,,Monday,22,"$197,975",-84.1%,-86.8%,1,Toy Story,"$197,975"
Jan 21,,Sunday,21,"$1,246,357",-29.1%,-33.9%,1,Toy Story,"$1,246,357"
Jan 20,,Saturday,20,"$1,757,966",+163.5%,-40.8%,1,Toy Story,"$1,757,966"
Jan 19,,Friday,19,"$667,164",+181.5%,-34.5%,1,Toy Story,"$667,164"
Jan 18,,Thursday,18,"$236,981",-5.6%,-36%,1,Toy Story,"$236,981"
Jan 17,,Wednesday,17,"$250,950",-24.1%,-34.3%,1,Toy Story,"$250,950"
Jan 16,,Tuesday,16,"$330,729",-77.9%,-27.3%,1,Toy Story,"$330,729"
Jan 15,MLK Day,Monday,15,"$1,496,048",-20.6%,+297.7%,1,Toy Story,"$1,496,048"
Jan 14,,Sunday,14,"$1,884,374",-36.6%,+3.1%,1,Toy Story,"$1,884,374"
Jan 13,,Saturday,13,"$2,971,359",+191.8%,-10.8%,1,Toy Story,"$2,971,359"
Jan 12,,Friday,12,"$1,018,131",+175%,-46.5%,1,Toy Story,"$1,018,131"
Jan 11,,Thursday,11,"$370,171",-3%,-61.7%,1,Toy Story,"$370,171"
Jan 10,,Wednesday,10,"$381,812",-16.1%,-63.2%,1,Toy Story,"$381,812"
Jan 9,,Tuesday,9,"$454,965",+20.9%,-73.7%,1,Toy Story,"$454,965"
Jan 8,,Monday,8,"$376,178",-79.4%,-90.1%,1,Toy Story,"$376,178"
Jan 7,,Sunday,7,"$1,826,874",-45.2%,-55.3%,1,Toy Story,"$1,826,874"
Jan 6,,Saturday,6,"$3,332,852",+75.3%,-41.5%,1,Toy Story,"$3,332,852"
Jan 5,,Friday,5,"$1,901,388",+96.9%,-67.2%,1,Toy Story,"$1,901,388"
Jan 4,,Thursday,4,"$965,728",-7%,-81.2%,1,Toy Story,"$965,728"
Jan 3,,Wednesday,3,"$1,038,385",-40%,-79%,1,Toy Story,"$1,038,385"
Jan 2,,Tuesday,2,"$1,730,594",-54.5%,-64.1%,1,Toy Story,"$1,730,594"
Jan 1,New Year's Day,Monday,1,"$3,806,234",-6.9%,+68.8%,1,Toy Story,"$3,806,234"
