date,occasion,day_of_week,day_number,top_10_gross,top_10_gross_change_yesterday,top_10_gross_change_week,number_releases,movie_title,gross
Dec 31,New Year's Eve,Friday,365,"$21,644,789",-26.6%,+69.8%,10,Stuart Little,"$5,052,000"
Dec 30,,Thursday,364,"$29,490,641",+4.6%,+67.4%,11,Stuart Little,"$5,946,193"
Dec 29,,Wednesday,363,"$28,195,282",-4.4%,+72%,13,Stuart Little,"$6,166,036"
Dec 28,,Tuesday,362,"$29,492,777",-1.6%,+179.1%,12,Stuart Little,"$6,066,972"
Dec 27,,Monday,361,"$29,964,854",-22.5%,+234%,12,Stuart Little,"$5,726,201"
Dec 26,,Sunday,360,"$38,671,241",+17.8%,+114.6%,11,The Talented Mr. Ripley,"$6,333,000"
Dec 25,Christmas Day,Saturday,359,"$32,822,167",<0.1%,+330.3%,10,The Talented Mr. Ripley,"$6,389,000"
Dec 24,,Friday,358,"$12,745,987",-27.6%,-13.1%,8,Stuart Little,"$3,137,000"
Dec 23,,Thursday,357,"$17,614,695",+7.5%,+465.8%,8,Stuart Little,"$3,941,000"
Dec 22,,Wednesday,356,"$16,388,623",+55.1%,+434.8%,9,Any Given Sunday,"$3,623,513"
Dec 21,,Tuesday,355,"$10,566,670",+17.8%,+226.4%,10,Stuart Little,"$3,009,818"
Dec 20,,Monday,354,"$8,971,753",-50.2%,+199.8%,11,Stuart Little,"$2,513,265"
Dec 19,,Sunday,353,"$18,018,152",-24.6%,+46.9%,9,Stuart Little,"$4,837,000"
Dec 18,,Saturday,352,"$23,901,734",+62.9%,+27.7%,6,Stuart Little,"$6,341,000"
Dec 17,,Friday,351,"$14,673,937",+371.4%,+28.3%,6,Stuart Little,"$3,688,000"
Dec 16,,Thursday,350,"$3,112,983",+1.6%,+35.5%,9,The Green Mile,"$1,402,860"
Dec 15,,Wednesday,349,"$3,064,240",-5.3%,+30.8%,9,The Green Mile,"$1,453,873"
Dec 14,,Tuesday,348,"$3,236,994",+8.2%,+24.6%,9,The Green Mile,"$1,567,610"
Dec 13,,Monday,347,"$2,992,640",-75.6%,+26.8%,9,The Green Mile,"$1,460,627"
Dec 12,,Sunday,346,"$12,269,688",-34.4%,+0.3%,9,Toy Story 2,"$5,574,688"
Dec 11,,Saturday,345,"$18,713,373",+63.7%,+0.9%,4,Toy Story 2,"$8,538,373"
Dec 10,,Friday,344,"$11,434,819",+397.6%,+13.1%,4,The Green Mile,"$5,749,000"
Dec 9,,Thursday,343,"$2,297,805",-1.9%,-31.6%,9,Toy Story 2,"$1,259,286"
Dec 8,,Wednesday,342,"$2,342,684",-9.8%,-31.6%,9,Toy Story 2,"$1,306,074"
Dec 7,,Tuesday,341,"$2,597,902",+10.1%,-33.3%,9,Toy Story 2,"$1,411,642"
Dec 6,,Monday,340,"$2,359,360",-80.7%,-42.1%,9,Toy Story 2,"$1,342,091"
Dec 5,,Sunday,339,"$12,230,733",-34%,-39%,8,Toy Story 2,"$8,459,733"
Dec 4,,Saturday,338,"$18,537,817",+83.3%,-44.3%,4,Toy Story 2,"$12,795,817"
Dec 3,,Friday,337,"$10,113,726",+200.9%,-71.1%,4,Toy Story 2,"$6,504,726"
Dec 2,,Thursday,336,"$3,361,617",-1.8%,-83.1%,11,Toy Story 2,"$1,872,573"
Dec 1,,Wednesday,335,"$3,424,591",-12.1%,-77.1%,11,Toy Story 2,"$1,951,463"
Nov 30,,Tuesday,334,"$3,896,428",-4.4%,-57.6%,11,Toy Story 2,"$2,204,032"
Nov 29,,Monday,333,"$4,075,037",-79.7%,-42.3%,11,Toy Story 2,"$2,511,086"
Nov 28,,Sunday,332,"$20,056,026",-39.7%,-22%,10,Toy Story 2,"$13,431,816"
Nov 27,,Saturday,331,"$33,264,811",-4.9%,-22.3%,7,Toy Story 2,"$21,350,621"
Nov 26,,Friday,330,"$34,961,232",+75.9%,+9.8%,7,Toy Story 2,"$22,606,402"
Nov 25,Thanksgiving,Thursday,329,"$19,875,759",+32.9%,+386.2%,7,Toy Story 2,"$13,143,034"
Nov 24,,Wednesday,328,"$14,958,921",+62.9%,+242.8%,7,Toy Story 2,"$9,570,911"
Nov 23,,Tuesday,327,"$9,185,703",+30.1%,+78.7%,21,The World Is Not Enough,"$3,363,208"
Nov 22,,Monday,326,"$7,061,062",-72.5%,+48.8%,21,The World Is Not Enough,"$2,601,907"
Nov 21,,Sunday,325,"$25,714,000",-39.9%,+17.4%,21,The World Is Not Enough,"$8,767,000"
Nov 20,,Saturday,324,"$42,790,000",+34.4%,+21.5%,18,The World Is Not Enough,"$14,220,000"
Nov 19,,Friday,323,"$31,840,000",+678.9%,+16.8%,18,The World Is Not Enough,"$12,130,000"
Nov 18,,Thursday,322,"$4,087,571",-6.3%,-75.1%,21,Pokémon: The First Movie - Mewtwo Strikes Back,"$862,908"
Nov 17,,Wednesday,321,"$4,363,245",-15.1%,-71.5%,21,Pokémon: The First Movie - Mewtwo Strikes Back,"$928,893"
Nov 16,,Tuesday,320,"$5,140,344",+8.3%,+13.4%,21,Pokémon: The First Movie - Mewtwo Strikes Back,"$1,104,513"
Nov 15,,Monday,319,"$4,745,158",-78.3%,+21.7%,21,Pokémon: The First Movie - Mewtwo Strikes Back,"$1,218,805"
Nov 14,,Sunday,318,"$21,896,000",-37.8%,+55%,18,Pokémon: The First Movie - Mewtwo Strikes Back,"$8,974,000"
Nov 13,,Saturday,317,"$35,219,000",+29.2%,+33.6%,15,Pokémon: The First Movie - Mewtwo Strikes Back,"$13,060,000"
Nov 12,,Friday,316,"$27,255,000",+66%,+49%,15,Pokémon: The First Movie - Mewtwo Strikes Back,"$9,070,000"
Nov 11,,Thursday,315,"$16,414,514",+7.2%,+317.6%,23,Pokémon: The First Movie - Mewtwo Strikes Back,"$9,620,578"
Nov 10,,Wednesday,314,"$15,305,781",+237.7%,+289.6%,23,Pokémon: The First Movie - Mewtwo Strikes Back,"$10,096,848"
Nov 9,,Tuesday,313,"$4,532,909",+16.3%,-3.9%,21,The Bone Collector,"$1,500,460"
Nov 8,,Monday,312,"$3,898,795",-72.4%,-5.4%,23,The Bone Collector,"$1,332,305"
Nov 7,,Sunday,311,"$14,127,000",-46.4%,+11.9%,19,The Bone Collector,"$4,281,000"
Nov 6,,Saturday,310,"$26,358,000",+44.1%,+21.5%,17,The Bone Collector,"$7,236,000"
Nov 5,,Friday,309,"$18,297,000",+365.5%,+13.7%,17,The Bone Collector,"$5,490,000"
Nov 4,,Thursday,308,"$3,930,322",<0.1%,-2.3%,22,House on Haunted Hill,"$912,315"
Nov 3,,Wednesday,307,"$3,928,955",-16.7%,+1.7%,22,House on Haunted Hill,"$939,794"
Nov 2,,Tuesday,306,"$4,717,376",+14.4%,+5%,23,House on Haunted Hill,"$1,248,982"
Nov 1,,Monday,305,"$4,122,151",-67.3%,+0.2%,23,House on Haunted Hill,"$1,225,574"
Oct 31,Halloween,Sunday,304,"$12,621,000",-41.8%,+25.6%,20,House on Haunted Hill,"$4,401,000"
Oct 30,,Saturday,303,"$21,695,000",+34.9%,+17.7%,18,House on Haunted Hill,"$6,120,000"
Oct 29,,Friday,302,"$16,087,000",+299.7%,+25.4%,18,House on Haunted Hill,"$5,420,000"
Oct 28,,Thursday,301,"$4,024,399",+4.2%,-19%,24,The Best Man,"$612,430"
Oct 27,,Wednesday,300,"$3,861,941",-14%,-25.7%,24,The Best Man,"$605,445"
Oct 26,,Tuesday,299,"$4,490,736",+9.1%,-16.9%,24,Fight Club,"$719,196"
Oct 25,,Monday,298,"$4,115,681",-59%,-15.4%,24,The Best Man,"$746,995"
Oct 24,,Sunday,297,"$10,046,000",-45.5%,-31.8%,14,Fight Club,"$1,800,000"
Oct 23,,Saturday,296,"$18,429,410",+43.7%,-24.7%,13,Double Jeopardy,"$3,610,000"
Oct 22,,Friday,295,"$12,828,647",+158.1%,-23.3%,13,Double Jeopardy,"$2,290,000"
Oct 21,,Thursday,294,"$4,969,762",-4.4%,+34%,23,Fight Club,"$1,032,236"
Oct 20,,Wednesday,293,"$5,197,224",-3.8%,+43.1%,23,Fight Club,"$1,121,764"
Oct 19,,Tuesday,292,"$5,403,206",+11%,+33.6%,23,Fight Club,"$1,232,636"
Oct 18,,Monday,291,"$4,865,976",-66.9%,-21.6%,23,Fight Club,"$1,133,726"
Oct 17,,Sunday,290,"$14,721,000",-39.9%,-6.2%,17,Fight Club,"$3,150,000"
Oct 16,,Saturday,289,"$24,488,126",+46.5%,+2.9%,11,Double Jeopardy,"$4,985,000"
Oct 15,,Friday,288,"$16,720,273",+350.7%,+2.3%,11,Fight Club,"$3,785,000"
Oct 14,,Thursday,287,"$3,709,438",+2.1%,+11.4%,14,Double Jeopardy,"$927,899"
Oct 13,,Wednesday,286,"$3,632,213",-10.2%,+11.6%,14,Double Jeopardy,"$888,523"
Oct 12,,Tuesday,285,"$4,044,777",-34.9%,+11.1%,14,Double Jeopardy,"$1,007,060"
Oct 11,Indig. Peoples' Day,Monday,284,"$6,208,779",-60.4%,+96.4%,14,Double Jeopardy,"$1,452,111"
Oct 10,,Sunday,283,"$15,688,394",-34%,+51.6%,14,Double Jeopardy,"$3,643,000"
Oct 9,,Saturday,282,"$23,788,024",+45.6%,+26.7%,14,Double Jeopardy,"$6,066,000"
Oct 8,,Friday,281,"$16,338,788",+390.6%,+34.3%,14,Random Hearts,"$4,070,000"
Oct 7,,Thursday,280,"$3,330,214",+2.3%,-13.5%,15,Double Jeopardy,"$1,227,108"
Oct 6,,Wednesday,279,"$3,255,645",-10.6%,-17.7%,15,Double Jeopardy,"$1,216,007"
Oct 5,,Tuesday,278,"$3,640,041",+15.2%,-18.1%,15,Double Jeopardy,"$1,394,574"
Oct 4,,Monday,277,"$3,160,815",-69.5%,-17.1%,15,Double Jeopardy,"$1,222,450"
Oct 3,,Sunday,276,"$10,348,834",-44.9%,-13.5%,15,Double Jeopardy,"$4,033,000"
Oct 2,,Saturday,275,"$18,776,629",+54.4%,-14.4%,16,Double Jeopardy,"$7,820,000"
Oct 1,,Friday,274,"$12,161,565",+216%,-19.1%,16,Double Jeopardy,"$5,065,000"
Sep 30,,Thursday,273,"$3,848,412",-2.7%,+53.3%,16,Double Jeopardy,"$1,644,276"
Sep 29,,Wednesday,272,"$3,954,958",-11%,+46.5%,16,Double Jeopardy,"$1,722,397"
Sep 28,,Tuesday,271,"$4,442,987",+16.5%,+33.4%,16,Double Jeopardy,"$1,962,883"
Sep 27,,Monday,270,"$3,813,412",-68.1%,+26%,16,Double Jeopardy,"$1,721,186"
Sep 26,,Sunday,269,"$11,968,769",-45.4%,+25.5%,16,Double Jeopardy,"$5,457,000"
Sep 25,,Saturday,268,"$21,938,051",+46%,+52.6%,17,Double Jeopardy,"$10,109,000"
Sep 24,,Friday,267,"$15,028,010",+498.8%,+38.2%,17,Double Jeopardy,"$7,501,000"
Sep 23,,Thursday,266,"$2,509,732",-7%,-40.5%,18,The Sixth Sense,"$733,520"
Sep 22,,Wednesday,265,"$2,698,933",-18.9%,-37.8%,18,The Sixth Sense,"$787,597"
Sep 21,,Tuesday,264,"$3,329,768",+10%,-31.5%,18,The Sixth Sense,"$947,548"
Sep 20,,Monday,263,"$3,026,611",-68.3%,-24.4%,18,The Sixth Sense,"$862,584"
Sep 19,,Sunday,262,"$9,536,408",-33.7%,-32.3%,19,The Sixth Sense,"$2,809,000"
Sep 18,,Saturday,261,"$14,374,309",+32.2%,-42.2%,19,The Sixth Sense,"$4,837,000"
Sep 17,,Friday,260,"$10,872,695",+157.7%,-40.7%,18,The Sixth Sense,"$3,461,000"
Sep 16,,Thursday,259,"$4,219,186",-2.8%,+18%,20,Stigmata,"$1,174,007"
Sep 15,,Wednesday,258,"$4,342,058",-10.7%,+16%,20,Stigmata,"$1,287,070"
Sep 14,,Tuesday,257,"$4,863,973",+21.5%,+11.1%,19,Stigmata,"$1,584,719"
Sep 13,,Monday,256,"$4,004,798",-71.5%,-77.6%,19,Stigmata,"$1,369,007"
Sep 12,,Sunday,255,"$14,076,585",-43.4%,-38.4%,19,Stigmata,"$4,700,000"
Sep 11,,Saturday,254,"$24,872,080",+35.6%,+12.9%,19,The Sixth Sense,"$7,423,000"
Sep 10,,Friday,253,"$18,340,760",+413.1%,+29.8%,19,Stigmata,"$6,548,000"
Sep 9,,Thursday,252,"$3,574,340",-4.5%,-33.7%,17,The Sixth Sense,"$1,562,691"
Sep 8,,Wednesday,251,"$3,742,480",-14.5%,-32.7%,17,The Sixth Sense,"$1,609,064"
Sep 7,,Tuesday,250,"$4,376,575",-75.6%,-34%,17,The Sixth Sense,"$1,736,760"
Sep 6,Labor Day,Monday,249,"$17,910,318",-21.6%,+193.4%,21,The Sixth Sense,"$6,374,179"
Sep 5,,Sunday,248,"$22,854,835",+3.7%,+35.1%,17,The Sixth Sense,"$8,820,000"
Sep 4,,Saturday,247,"$22,036,080",+55.9%,-15.1%,17,The Sixth Sense,"$8,428,000"
Sep 3,,Friday,246,"$14,134,620",+162.1%,-25.2%,17,The Sixth Sense,"$5,353,000"
Sep 2,,Thursday,245,"$5,393,838",-3%,-30.1%,17,The Sixth Sense,"$1,937,709"
Sep 1,,Wednesday,244,"$5,561,954",-16.1%,-29.2%,17,The Sixth Sense,"$1,938,541"
Aug 31,,Tuesday,243,"$6,627,913",+8.6%,-25.4%,16,The Sixth Sense,"$2,180,440"
Aug 30,,Monday,242,"$6,104,037",-63.9%,-22.9%,16,The Sixth Sense,"$2,063,543"
Aug 29,,Sunday,241,"$16,916,115",-34.8%,-16.9%,16,The Sixth Sense,"$5,567,000"
Aug 28,,Saturday,240,"$25,951,105",+37.3%,-14.9%,16,The Sixth Sense,"$8,532,000"
Aug 27,,Friday,239,"$18,907,855",+145.2%,-14.4%,16,The Sixth Sense,"$5,808,000"
Aug 26,,Thursday,238,"$7,711,044",-1.8%,-20.7%,14,The Sixth Sense,"$2,644,332"
Aug 25,,Wednesday,237,"$7,853,659",-11.6%,-22%,14,The Sixth Sense,"$2,739,893"
Aug 24,,Tuesday,236,"$8,882,195",+12.2%,-20.1%,14,The Sixth Sense,"$3,021,951"
Aug 23,,Monday,235,"$7,917,776",-61.1%,-22.1%,14,The Sixth Sense,"$2,842,297"
Aug 22,,Sunday,234,"$20,348,015",-33.3%,-18.4%,14,The Sixth Sense,"$6,956,000"
Aug 21,,Saturday,233,"$30,496,238",+38%,-12.8%,14,The Sixth Sense,"$9,831,000"
Aug 20,,Friday,232,"$22,099,245",+127.3%,-16.3%,14,The Sixth Sense,"$7,163,000"
Aug 19,,Thursday,231,"$9,724,403",-3.5%,-21.5%,13,The Sixth Sense,"$3,309,896"
Aug 18,,Wednesday,230,"$10,073,671",-9.4%,-19.9%,13,The Sixth Sense,"$3,380,134"
Aug 17,,Tuesday,229,"$11,123,252",+9.4%,-18.2%,13,The Sixth Sense,"$3,658,720"
Aug 16,,Monday,228,"$10,170,457",-59.2%,-20.4%,13,The Sixth Sense,"$3,545,869"
Aug 15,,Sunday,227,"$24,946,332",-28.7%,-15.7%,13,The Sixth Sense,"$7,992,000"
Aug 14,,Saturday,226,"$34,968,601",+32.4%,-3.9%,13,The Sixth Sense,"$10,025,000"
Aug 13,,Friday,225,"$26,414,965",+113.3%,-8.5%,13,The Sixth Sense,"$7,620,000"
Aug 12,,Thursday,224,"$12,382,874",-1.5%,+21.7%,13,The Sixth Sense,"$4,277,509"
Aug 11,,Wednesday,223,"$12,572,233",-7.5%,+20.4%,13,The Sixth Sense,"$4,166,408"
Aug 10,,Tuesday,222,"$13,594,826",+6.4%,+23.1%,13,The Sixth Sense,"$4,421,172"
Aug 9,,Monday,221,"$12,775,964",-56.8%,+16.6%,13,The Sixth Sense,"$4,350,312"
Aug 8,,Sunday,220,"$29,604,448",-18.7%,+24.7%,13,The Sixth Sense,"$8,699,000"
Aug 7,,Saturday,219,"$36,401,555",+26.1%,+15.8%,12,The Sixth Sense,"$9,650,000"
Aug 6,,Friday,218,"$28,870,712",+183.7%,+10.9%,12,The Sixth Sense,"$8,005,000"
Aug 5,,Thursday,217,"$10,176,896",-2.5%,+1.5%,11,Runaway Bride,"$4,349,206"
Aug 4,,Wednesday,216,"$10,440,399",-5.5%,+3.7%,11,Runaway Bride,"$4,404,469"
Aug 3,,Tuesday,215,"$11,042,725",+0.8%,-7.5%,12,Runaway Bride,"$4,655,795"
Aug 2,,Monday,214,"$10,952,844",-53.9%,-9%,12,Runaway Bride,"$4,583,313"
Aug 1,,Sunday,213,"$23,743,042",-24.5%,-7.2%,12,Runaway Bride,"$9,345,000"
Jul 31,,Saturday,212,"$31,441,259",+20.8%,-6.2%,10,Runaway Bride,"$13,100,000"
Jul 30,,Friday,211,"$26,021,597",+159.4%,-6.2%,10,Runaway Bride,"$12,000,000"
Jul 29,,Thursday,210,"$10,030,247",-0.4%,+45.7%,11,The Haunting,"$3,197,709"
Jul 28,,Wednesday,209,"$10,069,484",-15.6%,+44.2%,11,The Haunting,"$3,328,149"
Jul 27,,Tuesday,208,"$11,932,386",-0.8%,+51.2%,12,The Haunting,"$4,218,064"
Jul 26,,Monday,207,"$12,033,463",-53%,+55.9%,12,The Haunting,"$4,530,644"
Jul 25,,Sunday,206,"$25,586,538",-23.6%,+55.4%,12,The Haunting,"$9,286,772"
Jul 24,,Saturday,205,"$33,503,022",+20.8%,+58%,11,The Haunting,"$12,197,901"
Jul 23,,Friday,204,"$27,741,158",+302.8%,+71%,11,The Haunting,"$11,950,467"
Jul 22,,Thursday,203,"$6,886,336",-1.4%,-20.1%,11,American Pie,"$2,001,810"
Jul 21,,Wednesday,202,"$6,984,653",-11.5%,-22.5%,11,American Pie,"$2,102,530"
Jul 20,,Tuesday,201,"$7,891,280",+2.2%,-10.6%,11,American Pie,"$2,417,280"
Jul 19,,Monday,200,"$7,719,483",-53.1%,-7.5%,11,American Pie,"$2,354,330"
Jul 18,,Sunday,199,"$16,463,855",-22.4%,-4.9%,11,American Pie,"$4,381,320"
Jul 17,,Saturday,198,"$21,209,983",+30.8%,-5.5%,11,American Pie,"$4,935,280"
Jul 16,,Friday,197,"$16,221,054",+88.3%,-11.2%,11,American Pie,"$4,242,830"
Jul 15,,Thursday,196,"$8,615,377",-4.4%,+11.5%,10,American Pie,"$3,071,050"
Jul 14,,Wednesday,195,"$9,015,034",+2.1%,+14%,10,American Pie,"$3,260,405"
Jul 13,,Tuesday,194,"$8,830,129",+5.8%,-6.4%,9,American Pie,"$3,536,280"
Jul 12,,Monday,193,"$8,346,707",-51.8%,-58.5%,9,American Pie,"$3,385,800"
Jul 11,,Sunday,192,"$17,318,241",-22.8%,+8.9%,9,American Pie,"$5,768,400"
Jul 10,,Saturday,191,"$22,446,511",+22.9%,-3.5%,9,Wild Wild West,"$6,866,789"
Jul 9,,Friday,190,"$18,261,197",+136.4%,-10.6%,9,American Pie,"$6,533,340"
Jul 8,,Thursday,189,"$7,723,928",-2.4%,-40.1%,8,Wild Wild West,"$3,058,133"
Jul 7,,Wednesday,188,"$7,910,053",-16.2%,-46.1%,8,Wild Wild West,"$3,184,652"
Jul 6,,Tuesday,187,"$9,437,654",-53.1%,+158.6%,8,Wild Wild West,"$3,787,442"
Jul 5,,Monday,186,"$20,107,209",+26.5%,+502.8%,8,Wild Wild West,"$8,747,266"
Jul 4,Independence Day,Sunday,185,"$15,898,076",-31.7%,+123.6%,8,Wild Wild West,"$7,298,242"
Jul 3,,Saturday,184,"$23,266,228",+13.8%,+145.8%,8,Wild Wild West,"$10,831,043"
Jul 2,,Friday,183,"$20,435,890",+58.6%,+221.2%,8,Wild Wild West,"$9,558,199"
Jul 1,,Thursday,182,"$12,885,245",-12.3%,+194%,8,Wild Wild West,"$6,195,702"
Jun 30,,Wednesday,181,"$14,688,485",+302.5%,+269.1%,7,Wild Wild West,"$7,074,603"
Jun 29,,Tuesday,180,"$3,649,765",+9.4%,-16%,5,Star Wars: Episode I - The Phantom Menace,"$2,240,972"
Jun 28,,Monday,179,"$3,335,833",-53.1%,-18.2%,5,Star Wars: Episode I - The Phantom Menace,"$2,110,404"
Jun 27,,Sunday,178,"$7,108,545",-24.9%,-63.5%,5,Star Wars: Episode I - The Phantom Menace,"$4,521,205"
Jun 26,,Saturday,177,"$9,465,670",+48.8%,-60.3%,5,Star Wars: Episode I - The Phantom Menace,"$5,790,418"
Jun 25,,Friday,176,"$6,363,306",+45.2%,-66%,5,Star Wars: Episode I - The Phantom Menace,"$3,800,296"
Jun 24,,Thursday,175,"$4,383,035",+10.1%,-63.4%,6,Star Wars: Episode I - The Phantom Menace,"$2,469,489"
Jun 23,,Wednesday,174,"$3,979,599",-8.4%,-65.8%,6,Star Wars: Episode I - The Phantom Menace,"$2,226,475"
Jun 22,,Tuesday,173,"$4,342,738",+6.5%,-66.2%,6,Star Wars: Episode I - The Phantom Menace,"$2,418,332"
Jun 21,,Monday,172,"$4,077,244",-79.1%,-68.4%,6,Star Wars: Episode I - The Phantom Menace,"$2,370,597"
Jun 20,,Sunday,171,"$19,490,801",-18.3%,-36.6%,7,Austin Powers: The Spy Who Shagged Me,"$9,214,000"
Jun 19,,Saturday,170,"$23,851,099",+27.6%,-39.6%,6,Austin Powers: The Spy Who Shagged Me,"$11,715,000"
Jun 18,,Friday,169,"$18,697,367",+56%,-39.5%,6,Austin Powers: The Spy Who Shagged Me,"$10,479,000"
Jun 17,,Thursday,168,"$11,986,650",+2.9%,+28.1%,7,Austin Powers: The Spy Who Shagged Me,"$6,253,000"
Jun 16,,Wednesday,167,"$11,645,298",-9.4%,+66.4%,7,Austin Powers: The Spy Who Shagged Me,"$6,253,000"
Jun 15,,Tuesday,166,"$12,855,061",-0.2%,+71.7%,7,Austin Powers: The Spy Who Shagged Me,"$7,185,000"
Jun 14,,Monday,165,"$12,882,903",-58.1%,+86.5%,7,Austin Powers: The Spy Who Shagged Me,"$7,609,000"
Jun 13,,Sunday,164,"$30,749,849",-22.1%,+68.4%,7,Austin Powers: The Spy Who Shagged Me,"$16,565,000"
Jun 12,,Saturday,163,"$39,486,633",+27.9%,+53.5%,7,Austin Powers: The Spy Who Shagged Me,"$20,371,000"
Jun 11,,Friday,162,"$30,879,451",+229.9%,+86.2%,7,Austin Powers: The Spy Who Shagged Me,"$17,981,900"
Jun 10,,Thursday,161,"$9,359,081",+33.7%,+4.6%,7,Star Wars: Episode I - The Phantom Menace,"$3,840,149"
Jun 9,,Wednesday,160,"$7,000,273",-6.5%,-24.6%,6,Star Wars: Episode I - The Phantom Menace,"$3,812,157"
Jun 8,,Tuesday,159,"$7,488,313",+8.4%,-22.7%,6,Star Wars: Episode I - The Phantom Menace,"$4,002,249"
Jun 7,,Monday,158,"$6,905,898",-62.2%,-74%,6,Star Wars: Episode I - The Phantom Menace,"$3,919,371"
Jun 6,,Sunday,157,"$18,259,562",-29%,-42.8%,6,Star Wars: Episode I - The Phantom Menace,"$10,623,546"
Jun 5,,Saturday,156,"$25,719,408",+55.1%,-24.2%,6,Star Wars: Episode I - The Phantom Menace,"$13,854,324"
Jun 4,,Friday,155,"$16,584,841",+85.4%,-32.7%,6,Star Wars: Episode I - The Phantom Menace,"$8,413,783"
Jun 3,,Thursday,154,"$8,946,691",-3.7%,-3.5%,7,Star Wars: Episode I - The Phantom Menace,"$5,011,928"
Jun 2,,Wednesday,153,"$9,287,818",-4.1%,+0.2%,7,Star Wars: Episode I - The Phantom Menace,"$5,295,848"
Jun 1,,Tuesday,152,"$9,681,683",-63.5%,-1.2%,7,Star Wars: Episode I - The Phantom Menace,"$5,459,637"
May 31,Memorial Day,Monday,151,"$26,524,549",-16.9%,+106.5%,7,Star Wars: Episode I - The Phantom Menace,"$15,504,435"
May 30,,Sunday,150,"$31,923,183",-5.9%,+15.3%,7,Star Wars: Episode I - The Phantom Menace,"$18,537,522"
May 29,,Saturday,149,"$33,937,918",+37.7%,+3.7%,7,Star Wars: Episode I - The Phantom Menace,"$19,330,780"
May 28,,Friday,148,"$24,640,752",+165.8%,+2.9%,7,Star Wars: Episode I - The Phantom Menace,"$13,531,561"
May 27,,Thursday,147,"$9,271,852",<0.1%,-32.6%,7,Star Wars: Episode I - The Phantom Menace,"$7,719,100"
May 26,,Wednesday,146,"$9,271,308",-5.4%,-69.2%,7,Star Wars: Episode I - The Phantom Menace,"$7,751,876"
May 25,,Tuesday,145,"$9,799,588",-23.7%,+345.2%,7,Star Wars: Episode I - The Phantom Menace,"$8,181,275"
May 24,,Monday,144,"$12,845,755",-53.6%,+476.4%,7,Star Wars: Episode I - The Phantom Menace,"$10,881,272"
May 23,,Sunday,143,"$27,684,271",-15.4%,+255.1%,7,Star Wars: Episode I - The Phantom Menace,"$21,929,334"
May 22,,Saturday,142,"$32,713,650",+36.6%,+150.6%,7,Star Wars: Episode I - The Phantom Menace,"$24,414,123"
May 21,,Friday,141,"$23,944,482",+74.2%,+171.8%,7,Star Wars: Episode I - The Phantom Menace,"$18,467,513"
May 20,,Thursday,140,"$13,746,423",-54.3%,+335.2%,6,Star Wars: Episode I - The Phantom Menace,"$12,307,918"
May 19,,Wednesday,139,"$30,089,135","+1,267.1%",+816.3%,6,Star Wars: Episode I - The Phantom Menace,"$28,542,349"
May 18,,Tuesday,138,"$2,201,000",-1.2%,-44.5%,5,The Mummy,"$1,725,910"
May 17,,Monday,137,"$2,228,497",-71.4%,-46.7%,5,The Mummy,"$1,758,170"
May 16,,Sunday,136,"$7,796,103",-40.3%,-40.8%,5,The Mummy,"$6,516,520"
May 15,,Saturday,135,"$13,055,376",+48.2%,-35.1%,5,The Mummy,"$10,870,550"
May 14,,Friday,134,"$8,810,904",+179%,-45.9%,5,The Mummy,"$7,469,250"
May 13,,Thursday,133,"$3,158,395",-3.8%,+305%,5,The Mummy,"$2,615,335"
May 12,,Wednesday,132,"$3,283,801",-17.2%,+378%,5,The Mummy,"$2,743,695"
May 11,,Tuesday,131,"$3,965,724",-5.2%,+359.1%,5,The Mummy,"$3,353,405"
May 10,,Monday,130,"$4,181,589",-68.2%,+452.7%,5,The Mummy,"$3,642,215"
May 9,,Sunday,129,"$13,165,449",-34.6%,+443.8%,5,The Mummy,"$11,568,445"
May 8,,Saturday,128,"$20,125,281",+23.6%,+376.3%,5,The Mummy,"$17,344,645"
May 7,,Friday,127,"$16,281,961","+1,988%",+529.8%,5,The Mummy,"$14,456,545"
May 6,,Thursday,126,"$779,772",+13.5%,-21.3%,4,The Matrix,"$730,962"
May 5,,Wednesday,125,"$687,057",-20.5%,-30.7%,4,The Matrix,"$639,831"
May 4,,Tuesday,124,"$863,842",+14.2%,-27.1%,4,The Matrix,"$820,679"
May 3,,Monday,123,"$756,612",-68.8%,-25%,4,The Matrix,"$717,341"
May 2,,Sunday,122,"$2,421,180",-42.7%,-30.1%,4,The Matrix,"$2,288,468"
May 1,,Saturday,121,"$4,225,055",+63.4%,-28.8%,4,The Matrix,"$3,989,036"
Apr 30,,Friday,120,"$2,585,174",+161%,-34%,4,The Matrix,"$2,438,362"
Apr 29,,Thursday,119,"$990,353",-0.1%,-30.3%,4,The Matrix,"$927,691"
Apr 28,,Wednesday,118,"$991,699",-16.3%,-27%,4,The Matrix,"$927,215"
Apr 27,,Tuesday,117,"$1,185,253",+17.5%,-26.1%,4,The Matrix,"$1,114,413"
Apr 26,,Monday,116,"$1,008,968",-70.9%,-32.4%,4,The Matrix,"$946,838"
Apr 25,,Sunday,115,"$3,464,048",-41.6%,-33%,4,The Matrix,"$3,289,810"
Apr 24,,Saturday,114,"$5,933,260",+51.6%,-28.4%,4,The Matrix,"$5,634,369"
Apr 23,,Friday,113,"$3,914,981",+175.7%,-28.5%,4,The Matrix,"$3,718,538"
Apr 22,,Thursday,112,"$1,419,882",+4.5%,-28%,4,The Matrix,"$1,317,496"
Apr 21,,Wednesday,111,"$1,358,579",-15.3%,-26.3%,4,The Matrix,"$1,264,635"
Apr 20,,Tuesday,110,"$1,604,481",+7.5%,-24.1%,4,The Matrix,"$1,507,118"
Apr 19,,Monday,109,"$1,493,061",-71.1%,-28.4%,4,The Matrix,"$1,404,184"
Apr 18,,Sunday,108,"$5,172,222",-37.6%,-23.1%,4,The Matrix,"$4,875,903"
Apr 17,,Saturday,107,"$8,290,883",+51.3%,-16.4%,4,The Matrix,"$7,836,644"
Apr 16,,Friday,106,"$5,478,997",+177.7%,-22.1%,4,The Matrix,"$5,228,767"
Apr 15,,Thursday,105,"$1,973,144",+7%,-39.1%,4,The Matrix,"$1,885,931"
Apr 14,,Wednesday,104,"$1,843,893",-12.8%,-43.1%,4,The Matrix,"$1,769,694"
Apr 13,,Tuesday,103,"$2,114,716",+1.4%,-41.9%,4,The Matrix,"$2,029,919"
Apr 12,,Monday,102,"$2,085,941",-69%,-48.9%,4,The Matrix,"$2,009,567"
Apr 11,,Sunday,101,"$6,728,533",-32.1%,-18.4%,4,The Matrix,"$6,432,522"
Apr 10,,Saturday,100,"$9,913,685",+40.9%,-11.2%,4,The Matrix,"$9,426,578"
Apr 9,,Friday,99,"$7,036,280",+117.1%,-28.5%,4,The Matrix,"$6,704,231"
Apr 8,,Thursday,98,"$3,241,071",<0.1%,-35.7%,4,The Matrix,"$3,057,015"
Apr 7,,Wednesday,97,"$3,238,320",-11.1%,-35.3%,4,The Matrix,"$3,054,134"
Apr 6,,Tuesday,96,"$3,641,774",-10.9%,"+1,537.9%",4,The Matrix,"$3,432,110"
Apr 5,,Monday,95,"$4,085,247",-50.4%,"+2,155.9%",4,The Matrix,"$3,851,135"
Apr 4,Easter Sunday,Sunday,94,"$8,241,914",-26.1%,"+1,044.7%",4,The Matrix,"$7,869,148"
Apr 3,,Saturday,93,"$11,157,814",+13.4%,+915.3%,4,The Matrix,"$10,568,146"
Apr 2,,Friday,92,"$9,840,210",+95.3%,"+1,329.6%",4,The Matrix,"$9,351,037"
Apr 1,,Thursday,91,"$5,039,406",+0.7%,"+1,326.8%",4,The Matrix,"$4,761,051"
Mar 31,,Wednesday,90,"$5,006,315","+2,151.6%","+1,364.2%",4,The Matrix,"$4,803,310"
Mar 30,,Tuesday,89,"$222,349",+22.8%,-46.1%,3,Saving Private Ryan,"$110,433"
Mar 29,,Monday,88,"$181,090",-74.8%,-49.7%,3,Saving Private Ryan,"$84,899"
Mar 28,,Sunday,87,"$720,000",-34.5%,-20.2%,4,Saving Private Ryan,"$282,114"
Mar 27,,Saturday,86,"$1,098,971",+59.7%,-31.4%,4,Saving Private Ryan,"$432,719"
Mar 26,,Friday,85,"$688,307",+94.9%,-29.6%,4,Saving Private Ryan,"$255,602"
Mar 25,,Thursday,84,"$353,197",+3.3%,-35%,4,8MM,"$145,343"
Mar 24,,Wednesday,83,"$341,909",-17.1%,-24.7%,4,8MM,"$143,038"
Mar 23,,Tuesday,82,"$412,480",+14.6%,-31.7%,4,8MM,"$173,883"
Mar 22,,Monday,81,"$359,982",-60.1%,-32.3%,4,8MM,"$142,194"
Mar 21,,Sunday,80,"$902,309",-43.7%,-37.8%,4,8MM,"$415,200"
Mar 20,,Saturday,79,"$1,602,960",+64%,-23.1%,4,8MM,"$763,595"
Mar 19,,Friday,78,"$977,471",+79.8%,-27.8%,4,8MM,"$497,416"
Mar 18,,Thursday,77,"$543,596",+19.6%,-20.3%,4,8MM,"$318,982"
Mar 17,,Wednesday,76,"$454,360",-24.8%,-34.9%,4,8MM,"$288,151"
Mar 16,,Tuesday,75,"$603,945",+13.6%,-27.9%,4,8MM,"$394,295"
Mar 15,,Monday,74,"$531,781",-63.3%,-23.5%,4,8MM,"$359,147"
Mar 14,,Sunday,73,"$1,449,673",-30.5%,-44.5%,4,8MM,"$1,033,719"
Mar 13,,Saturday,72,"$2,085,536",+54.1%,-47.7%,4,8MM,"$1,465,850"
Mar 12,,Friday,71,"$1,353,019",+98.3%,-46.3%,4,8MM,"$1,020,787"
Mar 11,,Thursday,70,"$682,456",-2.2%,-41.7%,4,8MM,"$475,039"
Mar 10,,Wednesday,69,"$697,904",-16.7%,-37%,4,8MM,"$502,700"
Mar 9,,Tuesday,68,"$837,865",+20.6%,-43.6%,4,8MM,"$627,532"
Mar 8,,Monday,67,"$695,007",-73.4%,-46.3%,4,8MM,"$518,080"
Mar 7,,Sunday,66,"$2,609,894",-34.6%,-44.9%,4,8MM,"$1,975,118"
Mar 6,,Saturday,65,"$3,989,537",+58.3%,-45.9%,4,8MM,"$3,010,837"
Mar 5,,Friday,64,"$2,520,718",+115.4%,-52.8%,4,8MM,"$2,025,181"
Mar 4,,Thursday,63,"$1,170,267",+5.6%,+211.6%,4,8MM,"$907,389"
Mar 3,,Wednesday,62,"$1,108,023",-25.4%,+203.9%,4,8MM,"$871,051"
Mar 2,,Tuesday,61,"$1,484,374",+14.6%,+263.5%,4,8MM,"$1,216,494"
Mar 1,,Monday,60,"$1,294,804",-72.7%,+261.2%,4,8MM,"$1,067,715"
Feb 28,,Sunday,59,"$4,735,809",-35.7%,+214%,5,8MM,"$3,800,165"
Feb 27,,Saturday,58,"$7,368,669",+38.1%,+188.1%,5,8MM,"$5,880,715"
Feb 26,,Friday,57,"$5,336,852","+1,321.2%",+305.8%,5,8MM,"$4,572,008"
Feb 25,,Thursday,56,"$375,526",+3%,-51.5%,4,Saving Private Ryan,"$186,392"
Feb 24,,Wednesday,55,"$364,606",-10.7%,-48.6%,4,Saving Private Ryan,"$188,403"
Feb 23,,Tuesday,54,"$408,319",+13.9%,-51.1%,4,Saving Private Ryan,"$214,789"
Feb 22,,Monday,53,"$358,431",-76.2%,-81.5%,4,Saving Private Ryan,"$188,472"
Feb 21,,Sunday,52,"$1,508,435",-41%,-58.2%,4,Saving Private Ryan,"$707,143"
Feb 20,,Saturday,51,"$2,557,572",+94.5%,-35.6%,4,Saving Private Ryan,"$1,137,965"
Feb 19,,Friday,50,"$1,315,045",+70%,-34.5%,4,Saving Private Ryan,"$572,049"
Feb 18,,Thursday,49,"$773,532",+8.9%,-21.1%,7,Saving Private Ryan,"$267,291"
Feb 17,,Wednesday,48,"$710,032",-14.9%,-24.7%,7,Saving Private Ryan,"$249,032"
Feb 16,,Tuesday,47,"$834,489",-56.8%,-20.7%,7,Saving Private Ryan,"$302,379"
Feb 15,Presidents' Day,Monday,46,"$1,933,261",-46.4%,+108.2%,7,Saving Private Ryan,"$592,404"
Feb 14,,Sunday,45,"$3,604,646",-9.3%,-11.5%,7,Saving Private Ryan,"$1,215,611"
Feb 13,,Saturday,44,"$3,974,162",+97.9%,-42.3%,7,Saving Private Ryan,"$1,388,075"
Feb 12,,Friday,43,"$2,007,684",+104.7%,-42.9%,7,Saving Private Ryan,"$756,401"
Feb 11,,Thursday,42,"$980,557",+4%,-3.8%,7,Saving Private Ryan,"$324,981"
Feb 10,,Wednesday,41,"$943,012",-10.4%,-3.5%,7,Saving Private Ryan,"$339,409"
Feb 9,,Tuesday,40,"$1,052,686",+13.4%,-8%,7,Saving Private Ryan,"$370,064"
Feb 8,,Monday,39,"$928,668",-77.2%,-4.7%,7,Saving Private Ryan,"$294,367"
Feb 7,,Sunday,38,"$4,074,811",-40.8%,+19.9%,7,Saving Private Ryan,"$1,076,368"
Feb 6,,Saturday,37,"$6,884,408",+95.6%,-13.3%,7,Patch Adams,"$2,196,845"
Feb 5,,Friday,36,"$3,518,910",+245.3%,-19.5%,7,Patch Adams,"$1,187,115"
Feb 4,,Thursday,35,"$1,019,104",+4.3%,-26.5%,6,Patch Adams,"$358,250"
Feb 3,,Wednesday,34,"$977,181",-14.6%,-26.2%,6,Patch Adams,"$343,920"
Feb 2,,Tuesday,33,"$1,144,803",+17.4%,-25.1%,6,Patch Adams,"$429,915"
Feb 1,,Monday,32,"$974,800",-71.3%,-25.6%,6,Patch Adams,"$330,510"
Jan 31,,Sunday,31,"$3,397,324",-57.2%,-48.6%,6,Patch Adams,"$1,021,505"
Jan 30,,Saturday,30,"$7,944,431",+81.8%,-25.7%,6,Patch Adams,"$3,166,550"
Jan 29,,Friday,29,"$4,369,439",+215.2%,-20%,6,Patch Adams,"$1,813,625"
Jan 28,,Thursday,28,"$1,386,321",+4.7%,-18.6%,6,Patch Adams,"$493,170"
Jan 27,,Wednesday,27,"$1,323,538",-13.4%,-20.1%,6,Patch Adams,"$450,430"
Jan 26,,Tuesday,26,"$1,528,140",+16.7%,-24.7%,6,Patch Adams,"$537,980"
Jan 25,,Monday,25,"$1,309,997",-80.2%,-85.2%,6,Patch Adams,"$436,050"
Jan 24,,Sunday,24,"$6,611,308",-38.2%,-26.3%,6,Patch Adams,"$2,079,935"
Jan 23,,Saturday,23,"$10,694,614",+95.7%,-16.3%,6,Patch Adams,"$3,927,150"
Jan 22,,Friday,22,"$5,463,696",+220.7%,-25.3%,6,Patch Adams,"$2,094,480"
Jan 21,,Thursday,21,"$1,703,657",+2.8%,-13.6%,6,Patch Adams,"$563,555"
Jan 20,,Wednesday,20,"$1,657,036",-18.4%,-12.3%,6,Patch Adams,"$562,380"
Jan 19,,Tuesday,19,"$2,029,586",-77%,-9.5%,6,Patch Adams,"$663,320"
Jan 18,MLK Day,Monday,18,"$8,839,305",-1.4%,+388.3%,7,Varsity Blues,"$2,311,575"
Jan 17,,Sunday,17,"$8,967,164",-29.8%,-3.3%,6,Patch Adams,"$2,806,210"
Jan 16,,Saturday,16,"$12,772,690",+74.6%,-15.6%,6,Patch Adams,"$4,657,730"
Jan 15,,Friday,15,"$7,313,392",+271.1%,<0.1%,6,Patch Adams,"$2,762,815"
Jan 14,,Thursday,14,"$1,970,921",+4.3%,-51.4%,5,Patch Adams,"$762,125"
Jan 13,,Wednesday,13,"$1,889,324",-15.7%,-51.9%,5,Patch Adams,"$761,750"
Jan 12,,Tuesday,12,"$2,242,507",+23.9%,-56.1%,5,Patch Adams,"$914,100"
Jan 11,,Monday,11,"$1,810,261",-80.5%,-62.1%,5,Patch Adams,"$706,350"
Jan 10,,Sunday,10,"$9,273,213",-38.7%,-38.9%,5,Patch Adams,"$3,199,350"
Jan 9,,Saturday,9,"$15,138,182",+107.1%,-38.6%,5,Patch Adams,"$6,218,655"
Jan 8,,Friday,8,"$7,310,792",+80.4%,-74.4%,5,Patch Adams,"$3,268,595"
Jan 7,,Thursday,7,"$4,053,485",+3.2%,-80.7%,6,Patch Adams,"$1,224,195"
Jan 6,,Wednesday,6,"$3,926,472",-23.1%,-80.2%,6,Patch Adams,"$1,182,930"
Jan 5,,Tuesday,5,"$5,104,712",+6.9%,-76.1%,6,Patch Adams,"$1,540,560"
Jan 4,,Monday,4,"$4,776,323",-68.5%,-76.6%,6,Patch Adams,"$1,374,885"
Jan 3,,Sunday,3,"$15,173,880",-38.4%,-44.8%,6,Patch Adams,"$4,085,235"
Jan 2,,Saturday,2,"$24,646,942",-13.9%,-30.4%,6,Patch Adams,"$6,918,765"
Jan 1,New Year's Day,Friday,1,"$28,609,586",+36.2%,-12.8%,6,Patch Adams,"$8,046,675"
