date,occasion,day_of_week,day_number,top_10_gross,top_10_gross_change_yesterday,top_10_gross_change_week,number_releases,movie_title,gross
Dec 31,New Year's Eve,Wednesday,366,"$30,475,474",-10%,+4.5%,48,Marley & Me,"$6,883,821"
Dec 30,,Tuesday,365,"$34,586,529",-2.4%,+121.1%,47,Marley & Me,"$7,314,695"
Dec 29,,Monday,364,"$35,437,355",-23%,+122.2%,48,Marley & Me,"$7,506,989"
Dec 28,,Sunday,363,"$46,008,305",-23.9%,+105.6%,47,Marley & Me,"$9,686,659"
Dec 27,,Saturday,362,"$60,458,374",-4.8%,+100.6%,47,Marley & Me,"$12,717,753"
Dec 26,,Friday,361,"$63,530,336",-4.9%,+155.1%,47,Marley & Me,"$13,953,174"
Dec 25,Christmas Day,Thursday,360,"$66,821,137",+566.8%,+950.2%,52,Marley & Me,"$14,380,980"
Dec 24,,Wednesday,359,"$10,021,113",-35.9%,+64.3%,47,Yes Man,"$1,935,364"
Dec 23,,Tuesday,358,"$15,640,357",-1.9%,+142.1%,44,Yes Man,"$3,403,394"
Dec 22,,Monday,357,"$15,948,088",-28.7%,+150.9%,44,Yes Man,"$3,610,321"
Dec 21,,Sunday,356,"$22,377,388",-25.8%,+15.5%,46,Yes Man,"$5,121,271"
Dec 20,,Saturday,355,"$30,139,698",+21%,-9.8%,46,Yes Man,"$6,646,123"
Dec 19,,Friday,354,"$24,907,681",+291.5%,-3.2%,46,Yes Man,"$6,495,077"
Dec 18,,Thursday,353,"$6,362,779",+4.3%,+18.9%,50,The Day the Earth Stood Still,"$1,775,857"
Dec 17,,Wednesday,352,"$6,100,723",-5.6%,+13.9%,52,The Day the Earth Stood Still,"$1,805,033"
Dec 16,,Tuesday,351,"$6,459,444",+1.6%,+16.6%,50,The Day the Earth Stood Still,"$2,078,861"
Dec 15,,Monday,350,"$6,356,315",-67.2%,+16.7%,50,The Day the Earth Stood Still,"$2,336,980"
Dec 14,,Sunday,349,"$19,379,224",-42%,+2%,53,The Day the Earth Stood Still,"$6,944,791"
Dec 13,,Saturday,348,"$33,423,264",+29.9%,+8.9%,53,The Day the Earth Stood Still,"$11,920,581"
Dec 12,,Friday,347,"$25,725,655",+380.9%,+8.4%,53,The Day the Earth Stood Still,"$11,614,781"
Dec 11,,Thursday,346,"$5,349,657",-0.1%,-20.6%,53,Four Christmases,"$1,352,298"
Dec 10,,Wednesday,345,"$5,356,374",-3.3%,-20%,53,Four Christmases,"$1,336,195"
Dec 9,,Tuesday,344,"$5,537,462",+1.6%,-27.7%,52,Four Christmases,"$1,366,464"
Dec 8,,Monday,343,"$5,447,579",-71.3%,-28.3%,52,Four Christmases,"$1,228,377"
Dec 7,,Sunday,342,"$18,995,683",-38.1%,-37.5%,53,Four Christmases,"$4,033,960"
Dec 6,,Saturday,341,"$30,703,777",+29.3%,-48.1%,53,Four Christmases,"$6,969,302"
Dec 5,,Friday,340,"$23,741,028",+252.5%,-62.1%,53,Four Christmases,"$5,752,216"
Dec 4,,Thursday,339,"$6,734,660",+0.5%,-79.5%,50,Four Christmases,"$1,589,207"
Dec 3,,Wednesday,338,"$6,698,640",-12.5%,-79.8%,49,Four Christmases,"$1,558,323"
Dec 2,,Tuesday,337,"$7,657,604",+0.7%,-50.8%,50,Four Christmases,"$1,802,459"
Dec 1,,Monday,336,"$7,601,694",-75%,-34.4%,49,Four Christmases,"$1,658,235"
Nov 30,,Sunday,335,"$30,414,700",-48.6%,-13.6%,51,Four Christmases,"$5,782,092"
Nov 29,,Saturday,334,"$59,188,816",-5.5%,-0.2%,51,Four Christmases,"$12,194,271"
Nov 28,,Friday,333,"$62,637,611",+90.8%,+3.9%,51,Four Christmases,"$13,093,463"
Nov 27,Thanksgiving,Thursday,332,"$32,832,926",-1.2%,+425.4%,51,Four Christmases,"$8,902,878"
Nov 26,,Wednesday,331,"$33,235,833",+113.7%,+409.3%,51,Twilight,"$7,964,881"
Nov 25,,Tuesday,330,"$15,554,189",+34.2%,+104.7%,49,Twilight,"$6,012,635"
Nov 24,,Monday,329,"$11,587,676",-67.1%,+55.8%,50,Twilight,"$4,515,245"
Nov 23,,Sunday,328,"$35,204,239",-40.6%,+8.7%,51,Twilight,"$12,372,363"
Nov 22,,Saturday,327,"$59,315,069",-1.6%,+3.1%,52,Twilight,"$21,287,029"
Nov 21,,Friday,326,"$60,298,564",+865%,+33.8%,52,Twilight,"$35,978,348"
Nov 20,,Thursday,325,"$6,248,787",-4.2%,+13.2%,51,Quantum of Solace,"$3,047,678"
Nov 19,,Wednesday,324,"$6,526,023",-14.1%,+17.3%,51,Quantum of Solace,"$3,322,821"
Nov 18,,Tuesday,323,"$7,600,262",+2.2%,-58.6%,50,Quantum of Solace,"$4,052,368"
Nov 17,,Monday,322,"$7,436,177",-77%,-35.6%,50,Quantum of Solace,"$4,131,092"
Nov 16,,Sunday,321,"$32,398,969",-43.7%,-1.6%,55,Quantum of Solace,"$14,690,029"
Nov 15,,Saturday,320,"$57,543,301",+27.7%,+7.5%,55,Quantum of Solace,"$25,831,827"
Nov 14,,Friday,319,"$45,057,229",+715.9%,+21.4%,55,Quantum of Solace,"$27,007,026"
Nov 13,,Thursday,318,"$5,522,495",-0.7%,+8.5%,54,Madagascar: Escape 2 Africa,"$1,941,207"
Nov 12,,Wednesday,317,"$5,562,104",-69.7%,+16.6%,56,Madagascar: Escape 2 Africa,"$1,912,967"
Nov 11,,Tuesday,316,"$18,362,986",+59%,+160.2%,54,Madagascar: Escape 2 Africa,"$9,780,159"
Nov 10,,Monday,315,"$11,549,304",-64.9%,+91.8%,54,Madagascar: Escape 2 Africa,"$5,146,972"
Nov 9,,Sunday,314,"$32,915,324",-38.5%,+59.3%,58,Madagascar: Escape 2 Africa,"$18,020,388"
Nov 8,,Saturday,313,"$53,504,760",+44.1%,+58.2%,58,Madagascar: Escape 2 Africa,"$27,531,174"
Nov 7,,Friday,312,"$37,127,060",+629.3%,+150.4%,58,Madagascar: Escape 2 Africa,"$17,555,027"
Nov 6,,Thursday,311,"$5,090,915",+6.7%,-1.9%,59,Zack and Miri Make a Porno,"$1,032,915"
Nov 5,,Wednesday,310,"$4,769,744",-32.4%,-7.9%,58,Zack and Miri Make a Porno,"$1,069,396"
Nov 4,,Tuesday,309,"$7,058,524",+17.2%,+17.9%,58,High School Musical 3: Senior Year,"$1,901,744"
Nov 3,,Monday,308,"$6,020,133",-70.9%,-2.2%,59,Zack and Miri Make a Porno,"$1,184,236"
Nov 2,,Sunday,307,"$20,662,946",-38.9%,-21.9%,59,High School Musical 3: Senior Year,"$5,416,180"
Nov 1,,Saturday,306,"$33,818,770",+128.1%,-23.4%,59,High School Musical 3: Senior Year,"$8,218,452"
Oct 31,Halloween,Friday,305,"$14,825,488",+113.6%,+959.2%,59,Saw V,"$3,172,214"
Oct 30,,Thursday,304,"$5,188,586",+0.2%,+4.4%,54,Saw V,"$1,231,823"
Oct 29,,Wednesday,303,"$5,177,883",-13.5%,+1.9%,54,Saw V,"$1,237,717"
Oct 28,,Tuesday,302,"$5,985,940",-2.8%,+3.2%,53,Saw V,"$1,524,644"
Oct 27,,Monday,301,"$6,157,864",-76.7%,+9.4%,52,Saw V,"$1,679,350"
Oct 26,,Sunday,300,"$26,445,559",-40.1%,+33.7%,55,High School Musical 3: Senior Year,"$9,763,880"
Oct 25,,Saturday,299,"$44,151,710",-2.5%,+34.1%,54,High School Musical 3: Senior Year,"$15,304,911"
Oct 24,,Friday,298,"$45,262,882",+811%,+65.6%,54,High School Musical 3: Senior Year,"$16,961,393"
Oct 23,,Thursday,297,"$4,968,550",-2.2%,-14.1%,56,Max Payne,"$925,047"
Oct 22,,Wednesday,296,"$5,080,869",-12.4%,-1%,57,Max Payne,"$978,033"
Oct 21,,Tuesday,295,"$5,801,365",+3.1%,-0.3%,56,Max Payne,"$1,226,490"
Oct 20,,Monday,294,"$5,629,191",-71.5%,-47%,56,Max Payne,"$1,294,552"
Oct 19,,Sunday,293,"$19,775,854",-39.9%,-9.9%,59,Max Payne,"$4,088,891"
Oct 18,,Saturday,292,"$32,912,713",+20.4%,-0.5%,59,Max Payne,"$6,509,122"
Oct 17,,Friday,291,"$27,328,974",+372.2%,+6.1%,59,Max Payne,"$7,041,836"
Oct 16,,Thursday,290,"$5,787,021",+12.8%,-15.5%,58,Body of Lies,"$998,351"
Oct 15,,Wednesday,289,"$5,129,782",-11.9%,-14.1%,57,Body of Lies,"$939,144"
Oct 14,,Tuesday,288,"$5,821,060",-45.2%,+1.8%,58,Body of Lies,"$1,144,389"
Oct 13,Indig. Peoples' Day,Monday,287,"$10,628,554",+21.5%,"+3,198%",58,Beverly Hills Chihuahua,"$2,823,779"
Oct 12,,Sunday,286,"$21,960,392",-33.6%,-7.1%,60,Beverly Hills Chihuahua,"$5,431,854"
Oct 11,,Saturday,285,"$33,094,300",+28.5%,-14.5%,59,Beverly Hills Chihuahua,"$7,557,164"
Oct 10,,Friday,284,"$25,758,018",+276.2%,-8.4%,60,Quarantine,"$5,379,867"
Oct 9,,Thursday,283,"$6,847,021",+14.7%,+37.7%,54,Beverly Hills Chihuahua,"$1,937,268"
Oct 8,,Wednesday,282,"$5,969,461",+4.4%,-47.6%,55,Beverly Hills Chihuahua,"$1,235,210"
Oct 7,,Tuesday,281,"$5,717,970",-0.6%,-20.1%,54,Beverly Hills Chihuahua,"$1,200,725"
Oct 6,,Monday,280,"$5,751,480",-75.7%,-12.9%,53,Beverly Hills Chihuahua,"$1,356,565"
Oct 5,,Sunday,279,"$23,647,255",-38.9%,+15.9%,55,Beverly Hills Chihuahua,"$8,816,642"
Oct 4,,Saturday,278,"$38,702,666",+37.6%,+7.5%,55,Beverly Hills Chihuahua,"$12,482,375"
Oct 3,,Friday,277,"$28,125,189",+465.8%,+9.2%,56,Beverly Hills Chihuahua,"$8,001,448"
Oct 2,,Thursday,276,"$4,970,960",-13.8%,+11.6%,53,Eagle Eye,"$1,543,158"
Oct 1,,Wednesday,275,"$5,768,448",-19.4%,+22.9%,53,Eagle Eye,"$1,781,225"
Sep 30,,Tuesday,274,"$7,153,146",+21.9%,+32%,52,Eagle Eye,"$2,351,508"
Sep 29,,Monday,273,"$5,869,113",-71.2%,+19.2%,52,Eagle Eye,"$2,078,092"
Sep 28,,Sunday,272,"$20,410,772",-43.3%,+16.5%,53,Eagle Eye,"$6,971,596"
Sep 27,,Saturday,271,"$36,001,501",+39.8%,+12.3%,53,Eagle Eye,"$12,378,941"
Sep 26,,Friday,270,"$25,751,088",+478.3%,+10.6%,53,Eagle Eye,"$9,800,184"
Sep 25,,Thursday,269,"$4,452,643",-5.2%,-21.3%,48,Lakeview Terrace,"$798,180"
Sep 24,,Wednesday,268,"$4,695,178",-13.3%,-17.9%,48,Lakeview Terrace,"$843,775"
Sep 23,,Tuesday,267,"$5,417,716",+10.1%,-16.9%,48,Lakeview Terrace,"$1,040,618"
Sep 22,,Monday,266,"$4,922,233",-71.9%,-17.3%,48,Lakeview Terrace,"$1,013,551"
Sep 21,,Sunday,265,"$17,520,108",-45.3%,-13.2%,50,Lakeview Terrace,"$3,369,936"
Sep 20,,Saturday,264,"$32,052,386",+37.7%,-6.3%,50,Lakeview Terrace,"$6,489,762"
Sep 19,,Friday,263,"$23,285,244",+311.7%,-16.1%,52,Lakeview Terrace,"$5,144,974"
Sep 18,,Thursday,262,"$5,655,330",-1.1%,+67%,51,Burn After Reading,"$1,407,226"
Sep 17,,Wednesday,261,"$5,719,427",-12.2%,+69.3%,51,Burn After Reading,"$1,437,723"
Sep 16,,Tuesday,260,"$6,515,702",+9.5%,+63.2%,51,Burn After Reading,"$1,640,625"
Sep 15,,Monday,259,"$5,949,633",-70.5%,+80%,51,Burn After Reading,"$1,493,389"
Sep 14,,Sunday,258,"$20,174,008",-41.1%,+78.9%,53,Burn After Reading,"$4,735,852"
Sep 13,,Saturday,257,"$34,225,350",+23.3%,+62%,53,Burn After Reading,"$7,937,585"
Sep 12,,Friday,256,"$27,764,261",+719.6%,+98.7%,53,Burn After Reading,"$6,454,564"
Sep 11,,Thursday,255,"$3,387,436",+0.3%,-16.7%,50,Tropic Thunder,"$542,954"
Sep 10,,Wednesday,254,"$3,378,479",-15.4%,-19.4%,49,Bangkok Dangerous,"$536,625"
Sep 9,,Tuesday,253,"$3,991,877",+20.8%,-20.3%,49,Bangkok Dangerous,"$704,716"
Sep 8,,Monday,252,"$3,305,580",-70.7%,-81.1%,49,Bangkok Dangerous,"$612,028"
Sep 7,,Sunday,251,"$11,278,874",-46.6%,-52.4%,51,Bangkok Dangerous,"$1,972,884"
Sep 6,,Saturday,250,"$21,128,149",+51.2%,-16.4%,52,Tropic Thunder,"$3,397,702"
Sep 5,,Friday,249,"$13,970,150",+243.6%,-28.8%,52,Bangkok Dangerous,"$2,742,090"
Sep 4,,Thursday,248,"$4,065,712",-3%,-43.9%,49,Tropic Thunder,"$723,450"
Sep 3,,Wednesday,247,"$4,189,319",-16.3%,-44.8%,49,Tropic Thunder,"$751,881"
Sep 2,,Tuesday,246,"$5,005,592",-71.4%,-41.8%,49,Tropic Thunder,"$899,643"
Sep 1,Labor Day,Monday,245,"$17,513,831",-26.1%,+91.9%,53,Tropic Thunder,"$3,083,510"
Aug 31,,Sunday,244,"$23,714,550",-6.1%,+2.4%,51,Tropic Thunder,"$4,304,402"
Aug 30,,Saturday,243,"$25,258,927",+28.7%,-22.1%,51,Tropic Thunder,"$4,200,171"
Aug 29,,Friday,242,"$19,628,509",+170.6%,-27.5%,52,Babylon A.D.,"$3,120,314"
Aug 28,,Thursday,241,"$7,252,472",-4.4%,-34.1%,49,Tropic Thunder,"$1,365,815"
Aug 27,,Wednesday,240,"$7,586,745",-11.7%,-36.1%,49,Tropic Thunder,"$1,439,940"
Aug 26,,Tuesday,239,"$8,595,039",-5.8%,-39.2%,48,Tropic Thunder,"$1,790,558"
Aug 25,,Monday,238,"$9,127,541",-60.6%,-33.3%,48,Tropic Thunder,"$1,897,596"
Aug 24,Beijing Olympics,Sunday,237,"$23,153,553",-28.6%,+63.9%,50,Tropic Thunder,"$4,950,454"
Aug 23,Beijing Olympics,Saturday,236,"$32,425,129",+19.7%,-19.4%,50,Tropic Thunder,"$6,477,403"
Aug 22,Beijing Olympics,Friday,235,"$27,088,488",+146.1%,-24.7%,50,The House Bunny,"$5,918,274"
Aug 21,Beijing Olympics,Thursday,234,"$11,008,913",-7.3%,-31.4%,45,Tropic Thunder,"$2,698,565"
Aug 20,Beijing Olympics,Wednesday,233,"$11,880,614",-15.9%,-92%,44,Tropic Thunder,"$2,905,228"
Aug 19,Beijing Olympics,Tuesday,232,"$14,128,228",+3.2%,-12%,43,Tropic Thunder,"$3,527,597"
Aug 18,Beijing Olympics,Monday,231,"$13,690,081",-54.7%,-28%,44,Tropic Thunder,"$3,590,742"
Aug 17,Beijing Olympics,Sunday,230,"$30,221,801",-24.9%,+92.6%,45,Tropic Thunder,"$8,021,055"
Aug 16,Beijing Olympics,Saturday,229,"$40,250,152",+12%,-2%,45,Tropic Thunder,"$9,582,941"
Aug 15,Beijing Olympics,Friday,228,"$35,951,477",+123.9%,"+13,867.7%",47,Tropic Thunder,"$8,208,800"
Aug 14,Beijing Olympics,Thursday,227,"$16,057,046",-15.6%,-30.5%,45,Tropic Thunder,"$4,529,651"
Aug 13,Beijing Olympics,Wednesday,226,"$19,026,341",+21.3%,+572.2%,44,Tropic Thunder,"$6,503,141"
Aug 12,Beijing Olympics,Tuesday,225,"$15,689,415",-15.2%,-14.7%,43,The Dark Knight,"$3,515,389"
Aug 11,Beijing Olympics,Monday,224,"$16,460,262","+26,338.8%",-15.9%,43,Pineapple Express,"$3,848,972"
Aug 10,Beijing Olympics,Sunday,223,"$33,472,410",-18.5%,-17.6%,44,The Dark Knight,"$8,037,425"
Aug 9,Beijing Olympics,Saturday,222,"$41,078,309","+3,961.3%",-25.3%,44,The Dark Knight,"$10,502,243"
Aug 8,Beijing Olympics,Friday,221,"$33,772,279",+46.2%,-25.4%,45,Pineapple Express,"$7,913,360"
Aug 7,,Thursday,220,"$23,102,695",-30.4%,+9.3%,45,Pineapple Express,"$5,988,032"
Aug 6,,Wednesday,219,"$33,173,395",+80.3%,+52%,44,Pineapple Express,"$12,085,679"
Aug 5,,Tuesday,218,"$18,403,512",-6%,-21.4%,42,The Dark Knight,"$5,661,240"
Aug 4,,Monday,217,"$19,568,620",-51.8%,-18.4%,42,The Dark Knight,"$6,287,429"
Aug 3,,Sunday,216,"$40,638,638",-26.1%,-22.5%,43,The Dark Knight,"$12,764,034"
Aug 2,,Saturday,215,"$55,010,352",+21.5%,-12.1%,44,The Dark Knight,"$17,191,150"
Aug 1,,Friday,214,"$45,285,105",+114.3%,+38.5%,43,The Mummy: Tomb of the Dragon Emperor,"$15,228,130"
Jul 31,,Thursday,213,"$21,130,299",-3.2%,-33.8%,40,The Dark Knight,"$8,402,546"
Jul 30,,Wednesday,212,"$21,829,636",-6.8%,-31%,40,The Dark Knight,"$8,755,141"
Jul 29,,Tuesday,211,"$23,428,984",-2.4%,-31.5%,39,The Dark Knight,"$9,629,366"
Jul 28,,Monday,210,"$23,993,692",-54.3%,-35.1%,39,The Dark Knight,"$10,518,116"
Jul 27,,Sunday,209,"$52,464,257",-16.1%,-26.2%,40,The Dark Knight,"$23,661,680"
Jul 26,,Saturday,208,"$62,563,092",+91.3%,-24%,40,The Dark Knight,"$28,272,494"
Jul 25,,Friday,207,"$55,674,546",+74.5%,-42.9%,40,The Dark Knight,"$23,232,292"
Jul 24,,Thursday,206,"$29,567,910",-6.6%,+115.4%,40,The Dark Knight,"$16,464,405"
Jul 23,,Wednesday,205,"$31,658,870",-7.5%,+110.4%,40,The Dark Knight,"$18,377,288"
Jul 22,,Tuesday,204,"$34,220,588",-7.5%,+107.1%,39,The Dark Knight,"$20,868,722"
Jul 21,,Monday,203,"$36,978,264",-48%,+110.2%,39,The Dark Knight,"$24,493,313"
Jul 20,,Sunday,202,"$71,108,023",-13.7%,+175.6%,40,The Dark Knight,"$43,596,151"
Jul 19,,Saturday,201,"$82,362,335",-15.5%,+54.8%,40,The Dark Knight,"$47,650,240"
Jul 18,,Friday,200,"$97,512,060",+610.4%,+108.1%,39,The Dark Knight,"$67,165,092"
Jul 17,,Thursday,199,"$13,725,436",-8.8%,-19.4%,40,Hancock,"$2,906,861"
Jul 16,,Wednesday,198,"$15,046,984",-8.9%,-19.3%,41,Hancock,"$3,162,161"
Jul 15,,Tuesday,197,"$16,519,824",-6.1%,-17.5%,40,Hancock,"$3,510,957"
Jul 14,,Monday,196,"$17,592,393",-56%,-16.3%,41,Hancock,"$3,808,818"
Jul 13,,Sunday,195,"$39,948,449",+320.5%,-11%,43,Hellboy II: The Golden Army,"$9,147,420"
Jul 12,,Saturday,194,"$53,213,028",+13.6%,-15.3%,44,Hancock,"$12,767,241"
Jul 11,,Friday,193,"$46,858,206",+175.3%,+10.8%,42,Hellboy II: The Golden Army,"$13,729,140"
Jul 10,,Thursday,192,"$17,020,788",-8.8%,-55.4%,35,Hancock,"$5,840,165"
Jul 9,,Wednesday,191,"$18,656,793",-6.8%,-45.4%,36,Hancock,"$6,412,003"
Jul 8,,Tuesday,190,"$20,024,320",-4.8%,-23.3%,35,Hancock,"$7,423,215"
Jul 7,,Monday,189,"$21,026,325",-53.2%,-14.4%,36,Hancock,"$8,481,615"
Jul 6,,Sunday,188,"$44,897,196",-28.5%,-11.5%,39,Hancock,"$18,294,508"
Jul 5,,Saturday,187,"$62,809,801",+48.5%,-2.4%,40,Hancock,"$25,781,404"
Jul 4,Independence Day,Friday,186,"$42,286,474",-26.8%,+14.8%,38,Hancock,"$18,527,967"
Jul 3,,Thursday,185,"$38,197,087",+11.7%,+144.9%,41,Hancock,"$17,052,167"
Jul 2,,Wednesday,184,"$34,198,886",+31.1%,+126.5%,40,Hancock,"$17,386,366"
Jul 1,,Tuesday,183,"$26,094,824",+6.2%,+59.1%,40,WALL·E,"$7,601,082"
Jun 30,,Monday,182,"$24,576,510",-51.6%,+38.7%,38,WALL·E,"$8,913,286"
Jun 29,,Sunday,181,"$50,740,315",-21.2%,+24.4%,42,WALL·E,"$17,807,221"
Jun 28,,Saturday,180,"$64,377,890",+4.2%,+24.8%,42,WALL·E,"$22,116,197"
Jun 27,,Friday,179,"$61,789,259",+296.2%,+42.2%,41,WALL·E,"$23,164,108"
Jun 26,,Thursday,178,"$15,596,964",+3.3%,-9.6%,40,Get Smart,"$4,352,221"
Jun 25,,Wednesday,177,"$15,098,888",-7.9%,-16.3%,41,Get Smart,"$4,338,296"
Jun 24,,Tuesday,176,"$16,397,011",-7.4%,-11.1%,39,Get Smart,"$4,772,339"
Jun 23,,Monday,175,"$17,716,720",-56.6%,-13.9%,40,Get Smart,"$5,119,453"
Jun 22,,Sunday,174,"$40,780,507",-21%,-18.1%,41,Get Smart,"$10,946,010"
Jun 21,,Saturday,173,"$51,589,282",+18.7%,-18.5%,41,Get Smart,"$14,372,327"
Jun 20,,Friday,172,"$43,455,648",+151.9%,-29.7%,43,Get Smart,"$13,365,143"
Jun 19,,Thursday,171,"$17,249,448",-4.4%,+9.5%,45,The Incredible Hulk,"$4,189,140"
Jun 18,,Wednesday,170,"$18,035,649",-2.2%,+7.1%,44,The Incredible Hulk,"$4,503,925"
Jun 17,,Tuesday,169,"$18,447,962",-10.4%,+2.8%,45,The Incredible Hulk,"$4,801,850"
Jun 16,,Monday,168,"$20,586,002",-58.6%,+8.9%,44,The Incredible Hulk,"$6,010,405"
Jun 15,,Sunday,167,"$49,781,242",-21.3%,+5.8%,47,The Incredible Hulk,"$15,562,200"
Jun 14,,Saturday,166,"$63,282,087",+2.3%,-2.9%,47,The Incredible Hulk,"$18,383,725"
Jun 13,,Friday,165,"$61,858,415",+292.7%,+7.2%,47,The Incredible Hulk,"$21,468,125"
Jun 12,,Thursday,164,"$15,752,492",-6.5%,+11.5%,43,Kung Fu Panda,"$5,391,343"
Jun 11,,Wednesday,163,"$16,847,289",-6.2%,+14.1%,42,Kung Fu Panda,"$5,665,504"
Jun 10,,Tuesday,162,"$17,952,226",-5%,+14.7%,43,Kung Fu Panda,"$6,064,854"
Jun 9,,Monday,161,"$18,897,724",-59.8%,+26.2%,43,Kung Fu Panda,"$6,316,507"
Jun 8,,Sunday,160,"$47,053,127",-27.8%,+12.3%,43,Kung Fu Panda,"$17,285,274"
Jun 7,,Saturday,159,"$65,159,587",+12.9%,+3.6%,45,Kung Fu Panda,"$22,649,938"
Jun 6,,Friday,158,"$57,696,576",+308.3%,-1.1%,44,Kung Fu Panda,"$20,303,918"
Jun 5,,Thursday,157,"$14,130,676",-4.3%,+38.3%,45,Sex and the City,"$4,754,287"
Jun 4,,Wednesday,156,"$14,759,274",-5.7%,+32.4%,45,Sex and the City,"$5,148,453"
Jun 3,,Tuesday,155,"$15,649,178",+4.5%,+17.1%,45,Sex and the City,"$5,505,349"
Jun 2,,Monday,154,"$14,977,656",-64.2%,-67.2%,46,Sex and the City,"$5,512,485"
Jun 1,,Sunday,153,"$41,881,366",-33.4%,-24.3%,47,Sex and the City,"$12,716,359"
May 31,,Saturday,152,"$62,911,231",+7.8%,+1.6%,46,Indiana Jones and the Kingdom of the Crystal Skull,"$19,827,731"
May 30,,Friday,151,"$58,351,539",+471.3%,+18.3%,46,Sex and the City,"$26,771,052"
May 29,,Thursday,150,"$10,214,675",-8.3%,-67.7%,46,Indiana Jones and the Kingdom of the Crystal Skull,"$5,277,340"
May 28,,Wednesday,149,"$11,143,608",-16.6%,+47.5%,46,Indiana Jones and the Kingdom of the Crystal Skull,"$6,040,893"
May 27,,Tuesday,148,"$13,368,607",-70.8%,+51.9%,45,Indiana Jones and the Kingdom of the Crystal Skull,"$7,604,606"
May 26,Memorial Day,Monday,147,"$45,728,348",-2.4%,+20%,46,Indiana Jones and the Kingdom of the Crystal Skull,"$26,779,538"
May 25,,Sunday,146,"$55,328,346",-10.7%,+54.2%,46,Indiana Jones and the Kingdom of the Crystal Skull,"$33,032,721"
May 24,,Saturday,145,"$61,930,808",+25.6%,+25.5%,46,Indiana Jones and the Kingdom of the Crystal Skull,"$36,533,839"
May 23,,Friday,144,"$49,308,891",+55.7%,+24.7%,47,Indiana Jones and the Kingdom of the Crystal Skull,"$30,571,275"
May 22,,Thursday,143,"$31,665,715",+319.2%,+316.5%,56,Indiana Jones and the Kingdom of the Crystal Skull,"$25,041,072"
May 21,,Wednesday,142,"$7,553,363",-14.2%,<0.1%,53,The Chronicles of Narnia: Prince Caspian,"$2,674,895"
May 20,,Tuesday,141,"$8,801,453",-25.9%,+6.1%,53,The Chronicles of Narnia: Prince Caspian,"$3,203,150"
May 19,,Monday,140,"$11,870,116",-66.9%,+33.6%,54,The Chronicles of Narnia: Prince Caspian,"$4,774,987"
May 18,,Sunday,139,"$35,886,245",-27.3%,+6.5%,56,The Chronicles of Narnia: Prince Caspian,"$15,240,939"
May 17,,Saturday,138,"$49,359,813",+24.8%,+321.9%,56,The Chronicles of Narnia: Prince Caspian,"$20,396,123"
May 16,,Friday,137,"$39,542,610",+420.2%,+176.5%,57,The Chronicles of Narnia: Prince Caspian,"$19,397,743"
May 15,,Thursday,136,"$7,602,046",+0.7%,-46.1%,57,Iron Man,"$3,169,387"
May 14,,Wednesday,135,"$7,551,559",-9%,-63.2%,57,Iron Man,"$3,082,988"
May 13,,Tuesday,134,"$8,298,745",-6.6%,-19.2%,57,Iron Man,"$3,357,146"
May 12,,Monday,133,"$8,885,629",-73.6%,-12.3%,57,Iron Man,"$3,850,844"
May 11,,Sunday,132,"$33,705,715",+188.1%,-10.7%,57,Iron Man,"$14,942,808"
May 10,,Saturday,131,"$46,258,113",+223.5%,-21%,57,Iron Man,"$21,374,629"
May 9,,Friday,130,"$36,018,716",+155.5%,-30.9%,57,Iron Man,"$14,873,192"
May 8,,Thursday,129,"$8,920,013",-56.5%,+14.3%,54,Iron Man,"$5,328,031"
May 7,,Wednesday,128,"$9,373,135",-8.7%,+93.7%,54,Iron Man,"$5,747,344"
May 6,,Tuesday,127,"$10,266,668",+1.3%,+85.1%,54,Iron Man,"$6,505,784"
May 5,,Monday,126,"$10,136,885",-73.1%,+74.5%,53,Iron Man,"$6,934,568"
May 4,,Sunday,125,"$37,737,782",-35.6%,+92.2%,55,Iron Man,"$26,034,208"
May 3,,Saturday,124,"$58,579,251",+12.4%,+89.9%,57,Iron Man,"$37,350,099"
May 2,,Friday,123,"$52,114,096",+567.8%,+103.8%,55,Iron Man,"$35,234,361"
May 1,,Thursday,122,"$7,803,984",+61.3%,+42.5%,59,Iron Man,"$3,500,000"
Apr 30,,Wednesday,121,"$4,837,823",-12.8%,-11.2%,61,Baby Mama,"$1,079,665"
Apr 29,,Tuesday,120,"$5,546,058",-4.5%,-6.9%,60,Baby Mama,"$1,221,750"
Apr 28,,Monday,119,"$5,807,807",-70.4%,-9%,59,Harold & Kumar Escape from Guantanamo Bay,"$1,318,461"
Apr 27,,Sunday,118,"$19,629,884",-36.4%,-4.1%,60,Baby Mama,"$4,043,370"
Apr 26,,Saturday,117,"$30,842,231",+20.6%,-3%,60,Baby Mama,"$7,005,965"
Apr 25,,Friday,116,"$25,573,991",+367.1%,-6.6%,61,Baby Mama,"$6,357,775"
Apr 24,,Thursday,115,"$5,475,347",+0.5%,+37.2%,57,Forgetting Sarah Marshall,"$1,497,125"
Apr 23,,Wednesday,114,"$5,449,526",-8.5%,+38%,58,Forgetting Sarah Marshall,"$1,538,495"
Apr 22,,Tuesday,113,"$5,958,198",-6.6%,+34.6%,57,Forgetting Sarah Marshall,"$1,622,845"
Apr 21,,Monday,112,"$6,379,019",-68.8%,+40.4%,58,The Forbidden Kingdom,"$1,692,767"
Apr 20,,Sunday,111,"$20,475,876",-35.6%,+15.6%,59,The Forbidden Kingdom,"$5,661,567"
Apr 19,,Saturday,110,"$31,808,867",+16.1%,-3.6%,60,The Forbidden Kingdom,"$7,996,033"
Apr 18,,Friday,109,"$27,388,374",+586.4%,+1.2%,60,The Forbidden Kingdom,"$7,743,521"
Apr 17,,Thursday,108,"$3,990,182",+1%,-17%,54,Street Kings,"$716,657"
Apr 16,,Wednesday,107,"$3,949,028",-10.8%,-18%,53,Street Kings,"$769,036"
Apr 15,,Tuesday,106,"$4,427,973",-2.5%,-16.4%,53,Street Kings,"$922,716"
Apr 14,,Monday,105,"$4,543,677",-74.3%,-9.6%,53,Street Kings,"$1,000,598"
Apr 13,,Sunday,104,"$17,706,630",-46.4%,-9.7%,55,Street Kings,"$3,308,472"
Apr 12,,Saturday,103,"$33,010,934",+21.9%,+3%,55,Prom Night,"$8,317,732"
Apr 11,,Friday,102,"$27,075,174",+463.3%,+10%,55,Prom Night,"$9,524,480"
Apr 10,,Thursday,101,"$4,806,284",-0.2%,-14.9%,58,21,"$1,095,362"
Apr 9,,Wednesday,100,"$4,816,315",-9.1%,-9.2%,58,21,"$1,089,860"
Apr 8,,Tuesday,99,"$5,296,955",+5.4%,-11.2%,57,21,"$1,209,832"
Apr 7,,Monday,98,"$5,024,050",-74.4%,-18.5%,57,21,"$1,103,020"
Apr 6,,Sunday,97,"$19,619,534",-38.8%,-9.4%,57,21,"$3,920,248"
Apr 5,,Saturday,96,"$32,055,161",+30.2%,-9.7%,57,21,"$6,250,200"
Apr 4,,Friday,95,"$24,610,980",+335.7%,-13.5%,57,21,"$5,166,970"
Apr 3,,Thursday,94,"$5,648,587",+6.5%,-35.8%,53,21,"$1,770,623"
Apr 2,,Wednesday,93,"$5,303,964",-11%,-37.9%,54,21,"$1,656,086"
Apr 1,,Tuesday,92,"$5,962,754",-3.2%,-36.9%,53,21,"$1,908,745"
Mar 31,,Monday,91,"$6,162,523",-71.5%,-52.3%,53,21,"$1,991,358"
Mar 30,,Sunday,90,"$21,657,035",-39%,-3.1%,56,21,"$5,882,183"
Mar 29,,Saturday,89,"$35,505,695",+24.8%,+1%,56,21,"$9,568,719"
Mar 28,,Friday,88,"$28,459,474",+223.6%,-23.5%,56,21,"$8,655,041"
Mar 27,,Thursday,87,"$8,795,578",+3%,-23.9%,58,Horton Hears a Who!,"$3,109,801"
Mar 26,,Wednesday,86,"$8,542,857",-9.6%,-9.9%,58,Horton Hears a Who!,"$2,948,957"
Mar 25,,Tuesday,85,"$9,446,398",-26.9%,+0.5%,59,Horton Hears a Who!,"$3,178,339"
Mar 24,,Monday,84,"$12,923,665",-42.2%,+51.1%,59,Horton Hears a Who!,"$4,601,534"
Mar 23,Easter Sunday,Sunday,83,"$22,351,753",-36.4%,-21.4%,59,Horton Hears a Who!,"$5,207,854"
Mar 22,,Saturday,82,"$35,158,666",-5.5%,-17.3%,59,Horton Hears a Who!,"$9,218,133"
Mar 21,,Friday,81,"$37,202,466",+221.9%,+20%,59,Horton Hears a Who!,"$10,164,609"
Mar 20,,Thursday,80,"$11,555,849",+21.9%,+101.1%,58,Horton Hears a Who!,"$4,901,833"
Mar 19,,Wednesday,79,"$9,481,352",+0.9%,+68.4%,59,Horton Hears a Who!,"$3,960,861"
Mar 18,,Tuesday,78,"$9,400,804",+9.9%,+48.2%,57,Horton Hears a Who!,"$3,928,735"
Mar 17,,Monday,77,"$8,553,567",-69.9%,+30%,57,Horton Hears a Who!,"$3,615,494"
Mar 16,,Sunday,76,"$28,427,268",-33.2%,+24.8%,58,Horton Hears a Who!,"$12,901,768"
Mar 15,,Saturday,75,"$42,531,160",+37.2%,+15.1%,58,Horton Hears a Who!,"$18,773,953"
Mar 14,,Friday,74,"$30,998,832",+439.5%,+14.1%,58,Horton Hears a Who!,"$13,337,277"
Mar 13,,Thursday,73,"$5,746,350",+2.1%,+22.6%,53,"10,000 BC","$1,946,468"
Mar 12,,Wednesday,72,"$5,630,783",-11.2%,+22.4%,53,"10,000 BC","$1,988,376"
Mar 11,,Tuesday,71,"$6,343,020",-3.6%,+25.2%,52,"10,000 BC","$2,317,284"
Mar 10,,Monday,70,"$6,579,701",-71.1%,+30.3%,52,"10,000 BC","$2,684,495"
Mar 9,,Sunday,69,"$22,778,510",-38.3%,+19.3%,52,"10,000 BC","$9,344,388"
Mar 8,,Saturday,68,"$36,942,663",+36%,+13.7%,52,"10,000 BC","$14,016,202"
Mar 7,,Friday,67,"$27,160,625",+479.3%,+22.1%,52,"10,000 BC","$12,506,898"
Mar 6,,Thursday,66,"$4,688,817",+2%,-1.5%,57,Semi-Pro,"$841,000"
Mar 5,,Wednesday,65,"$4,599,075",-9.2%,-4.3%,57,Semi-Pro,"$871,000"
Mar 4,,Tuesday,64,"$5,065,165",+0.3%,+1.5%,56,Semi-Pro,"$1,009,000"
Mar 3,,Monday,63,"$5,050,608",-73.6%,-0.3%,57,Semi-Pro,"$1,139,000"
Mar 2,,Sunday,62,"$19,099,927",-41.2%,-9.5%,57,Semi-Pro,"$3,789,000"
Mar 1,,Saturday,61,"$32,488,395",+46%,-15.6%,57,Vantage Point,"$5,936,318"
Feb 29,,Friday,60,"$22,248,020",+367.2%,-12.9%,57,Semi-Pro,"$5,416,000"
Feb 28,,Thursday,59,"$4,762,107",-1%,-31.2%,54,Vantage Point,"$1,208,015"
Feb 27,,Wednesday,58,"$4,808,183",-3.6%,-27%,54,Vantage Point,"$1,242,647"
Feb 26,,Tuesday,57,"$4,989,506",-1.5%,-34.6%,54,Vantage Point,"$1,334,720"
Feb 25,,Monday,56,"$5,064,572",-76%,-77.2%,54,Vantage Point,"$1,344,182"
Feb 24,,Sunday,55,"$21,095,343",-45.2%,-36.6%,56,Vantage Point,"$4,988,895"
Feb 23,,Saturday,54,"$38,512,490",+50.8%,-15.8%,56,Vantage Point,"$9,940,407"
Feb 22,,Friday,53,"$25,536,550",+269%,-21.9%,56,Vantage Point,"$7,945,634"
Feb 21,,Thursday,52,"$6,920,506",+5.1%,-74.6%,56,Jumper,"$1,494,781"
Feb 20,,Wednesday,51,"$6,587,284",-13.7%,+43.1%,56,Jumper,"$1,515,989"
Feb 19,,Tuesday,50,"$7,629,585",-65.7%,+65.6%,57,Jumper,"$1,826,842"
Feb 18,Presidents' Day,Monday,49,"$22,255,546",-33.1%,+333.4%,57,The Spiderwick Chronicles,"$5,736,479"
Feb 17,,Sunday,48,"$33,291,161",-27.2%,+60.4%,56,Jumper,"$7,956,783"
Feb 16,,Saturday,47,"$45,757,827",+39.9%,+23.3%,56,Jumper,"$10,681,418"
Feb 15,,Friday,46,"$32,699,694",+20.2%,+27.7%,56,Jumper,"$8,716,607"
Feb 14,,Thursday,45,"$27,198,885",+491%,+278.3%,58,Jumper,"$6,625,015"
Feb 13,,Wednesday,44,"$4,602,341",<0.1%,-32.3%,54,Fool's Gold,"$1,276,327"
Feb 12,,Tuesday,43,"$4,606,404",-10.3%,-38.1%,54,Fool's Gold,"$1,242,305"
Feb 11,,Monday,42,"$5,135,645",-75.3%,-35.8%,54,Fool's Gold,"$1,294,356"
Feb 10,,Sunday,41,"$20,760,991",-44.1%,+4.1%,57,Fool's Gold,"$4,859,653"
Feb 9,,Saturday,40,"$37,117,003",+45%,-17.6%,57,Fool's Gold,"$9,215,272"
Feb 8,,Friday,39,"$25,602,402",+256.1%,-14.3%,57,Fool's Gold,"$7,514,370"
Feb 7,,Thursday,38,"$7,189,978",+5.8%,+18.9%,51,Hannah Montana and Miley Cyrus: Best of Both Worlds Concert,"$2,802,270"
Feb 6,,Wednesday,37,"$6,798,875",-8.7%,+8.5%,51,Hannah Montana and Miley Cyrus: Best of Both Worlds Concert,"$2,818,666"
Feb 5,,Tuesday,36,"$7,447,605",-6.8%,+10.3%,55,Hannah Montana and Miley Cyrus: Best of Both Worlds Concert,"$2,889,671"
Feb 4,,Monday,35,"$7,994,612",-59.9%,+11.2%,55,Hannah Montana and Miley Cyrus: Best of Both Worlds Concert,"$3,253,205"
Feb 3,,Sunday,34,"$19,933,873",-55.7%,-28.8%,56,Hannah Montana and Miley Cyrus: Best of Both Worlds Concert,"$9,365,468"
Feb 2,,Saturday,33,"$45,017,840",+50.6%,-3.1%,57,Hannah Montana and Miley Cyrus: Best of Both Worlds Concert,"$13,100,608"
Feb 1,,Friday,32,"$29,891,755",+394.4%,+303.9%,57,Hannah Montana and Miley Cyrus: Best of Both Worlds Concert,"$8,651,758"
Jan 31,,Thursday,31,"$6,045,947",-3.6%,-25.4%,58,Rambo,"$959,385"
Jan 30,,Wednesday,30,"$6,268,657",-7.2%,-13.1%,58,Rambo,"$1,038,529"
Jan 29,,Tuesday,29,"$6,753,284",-6.1%,-15.4%,58,Rambo,"$1,219,005"
Jan 28,,Monday,28,"$7,191,060",-74.3%,-71.4%,58,Rambo,"$1,377,351"
Jan 27,,Sunday,27,"$27,981,159",-39.8%,-16.1%,59,Rambo,"$4,784,437"
Jan 26,,Saturday,26,"$46,470,816",+32.3%,+369.4%,59,Meet the Spartans,"$7,647,828"
Jan 25,,Friday,25,"$35,125,897",+357%,-18.2%,59,Meet the Spartans,"$6,877,342"
Jan 24,,Thursday,24,"$7,686,476",+6.6%,-16.5%,52,Cloverfield,"$1,663,957"
Jan 23,,Wednesday,23,"$7,211,693",-9.7%,+11.6%,52,Cloverfield,"$1,667,710"
Jan 22,,Tuesday,22,"$7,982,231",-68.2%,+18.1%,52,Cloverfield,"$2,115,763"
Jan 21,MLK Day,Monday,21,"$25,113,814",+24.6%,+87.7%,55,Cloverfield,"$6,088,317"
Jan 20,,Sunday,20,"$33,344,598",+236.8%,+38.3%,53,Cloverfield,"$9,028,443"
Jan 19,,Saturday,19,"$50,354,984",+17.3%,+15.6%,54,Cloverfield,"$13,865,250"
Jan 18,,Friday,18,"$42,925,169",+366.6%,+36.9%,54,Cloverfield,"$17,164,536"
Jan 17,,Thursday,17,"$6,928,905",-27.1%,-1.4%,48,The Bucket List,"$1,746,297"
Jan 16,,Wednesday,16,"$6,462,331",-4.4%,-11%,48,The Bucket List,"$1,655,340"
Jan 15,,Tuesday,15,"$6,761,536",-0.9%,-13%,48,The Bucket List,"$1,731,202"
Jan 14,,Monday,14,"$6,823,653",-71.7%,-11.2%,48,The Bucket List,"$1,610,465"
Jan 13,,Sunday,13,"$24,115,215",-44.6%,-12.5%,49,The Bucket List,"$4,735,626"
Jan 12,,Saturday,12,"$43,559,332",+38.9%,+86.2%,49,The Bucket List,"$8,271,248"
Jan 11,,Friday,11,"$31,359,196",+346.3%,-15.1%,49,The Bucket List,"$6,385,542"
Jan 10,,Thursday,10,"$7,025,911",-3.3%,-75.2%,45,Juno,"$1,370,403"
Jan 9,,Wednesday,9,"$7,264,018",-6.5%,-67.1%,46,Juno,"$1,385,734"
Jan 8,,Tuesday,8,"$7,770,239",+1.2%,-81.1%,45,Juno,"$1,445,349"
Jan 7,,Monday,7,"$7,680,589",-72.1%,-77.3%,46,Juno,"$1,380,724"
Jan 6,,Sunday,6,"$27,572,194",-42.5%,-42.6%,47,National Treasure: Book of Secrets,"$4,965,352"
Jan 5,,Saturday,5,"$47,941,534",+29.7%,-15%,47,National Treasure: Book of Secrets,"$8,754,230"
Jan 4,,Friday,4,"$36,957,077",+30.6%,-31%,47,National Treasure: Book of Secrets,"$6,343,102"
Jan 3,,Thursday,3,"$19,175,013",-53.3%,-58%,46,National Treasure: Book of Secrets,"$3,580,254"
Jan 2,,Wednesday,2,"$22,109,201",-46.3%,-56.1%,45,National Treasure: Book of Secrets,"$4,284,619"
Jan 1,New Year's Day,Tuesday,1,"$41,206,942",+21.6%,-28.2%,48,National Treasure: Book of Secrets,"$9,679,556"
